var0,var1,var2,var3,var4
0.4967141530112327,1.8001633835353132,-1.4188959407364239,-1.750248514583678,-0.1448585646935976
-0.13826430117118466,1.2723335900206316,0.9273378554589863,-1.7713617683703935,-1.4314023006060264
0.6476885381006925,-0.037154640899655124,-0.007238880086275712,0.49737862382254433,-1.3990725426518682
1.5230298564080254,-0.1935548010350892,-0.36801814044022324,2.2664921823118696,0.8705332449014411
-0.23415337472333597,1.7643442130992075,-1.7960855060411225,0.39819947608777234,0.44633538256866934
-0.23413695694918055,0.22957802311541442,1.55237477084495,-2.1119822118268674,0.9111268547175486
1.5792128155073915,0.7312973501633059,0.04574847450293065,1.6362894616853794,-4.393977401064269
0.7674347291529088,1.7406207725371434,-0.5216810430712918,-1.460131192202569,0.6791470169844933
-0.4694743859349521,1.5867570257263712,2.003319899353194,1.0934078417075483,-1.6563787962136
0.5425600435859647,-0.8638672817150344,1.9611790692356166,0.852389539684542,1.5080530994372772
-0.46341769281246226,1.6971860961445009,-2.180335821006977,1.1668625466729872,0.7045424844245028
-0.46572975357025687,-0.12679278027632393,0.24863628258182568,0.19450213462488897,-0.4720730165178969
0.24196227156603412,1.7492500451260857,-0.9715640477691989,-0.6785532267081695,-0.8293914181171039
-1.913280244657798,-0.519814227993344,-0.20499700461689885,-1.823781638303568,-0.34416257181912874
-1.7249178325130328,0.3966676319047908,0.6421564094048867,-0.14082311465493869,-1.5380926525074108
-0.5622875292409727,-1.009531699296475,-0.5694763962177475,1.1392971463832682,-0.6917826013596974
-1.0128311203344238,-1.0450192740831292,-1.286756040712758,-1.628136344392504,0.4306039275946352
0.3142473325952739,-1.1928676182884181,-2.69505826022061,-3.6497175241846147,-0.6063410783547144
-0.9080240755212109,-0.10037417537762847,-0.26486511503530974,-1.8426879447221816,-3.4374665922169063
-1.4123037013352915,-0.2114509064629312,-1.1951712827637047,0.08793446841027108,-1.5622415998068186
1.465648768921554,-0.4657771028992044,-0.3182000456215006,0.6920809840200588,2.2402841628087597
-0.22577630048653566,0.45225413430650885,-0.3792027238919979,-0.6538766522728786,-0.870017849667876
0.06752820468792384,-0.1823980026015578,2.0264802936683717,-0.7028408275425628,-2.3749440533929613
-1.4247481862134568,2.18954010189341,-1.4677522905658518,2.1001690920150486,0.22131700276455646
-0.5443827245251827,0.7302194397512917,-1.904483643467743,-2.5115620167022286,1.0014922123179357
0.11092258970986608,0.05525576250640424,0.12153480876530365,-0.49345220200208345,-2.327487141104403
-1.1509935774223028,0.11564929096510654,1.664824245406501,0.45810364535656667,-1.175918139732781
0.37569801834567196,-0.6856641774773505,1.3300477753349504,1.131725148199556,0.10668277551774086
-0.600638689918805,0.876506585572387,-0.47847074669074036,0.05690720423262963,2.5039182306559864
-0.2916937497932768,-1.443239648141569,0.05932651265784772,-0.36264654021365994,0.847654222004223
-0.6017066122293969,-0.46156216227863883,-0.09468883440911569,-2.2016447726781343,0.5721062797160492
1.8522781845089378,-2.089778702438167,-1.2918354057817711,-1.1290958405399654,-3.177542873935153
-0.013497224737933921,1.6958178517615354,-0.7490435655316834,-0.20169409844183278,-2.0544304089848415
-1.0577109289559004,0.6377478823861873,1.9090625404000758,-1.908845071198803,-3.000433938238893
0.822544912103189,-1.223584112568504,1.3750346812705931,1.3313545932780886,-2.3364568780417967
-1.2208436499710222,2.149768201762265,1.8305547039400556,1.1882107380267914,2.0217868610081293
0.2088635950047554,-2.0803562179820565,1.7140635416908563,0.0225974469477061,1.4675151061698042
-1.9596701238797756,-1.3181703637064914,-1.9153948296898338,1.501019648201593,-0.20343530539395902
-1.3281860488984305,-1.1473172681558708,-0.6220004155438136,-2.3529973625551626,1.1785154348432214
0.19686123586912352,0.1173680683832532,-2.930635576130986,-0.8508625550255196,-2.5712834326195355
0.7384665799954104,1.8217305565662552,-1.0344849115669608,-0.9062332413099332,-0.47593116161863147
0.1713682811899705,0.058042343127847285,0.5606412109307606,-0.22161058314337412,0.04089168643266816
-0.11564828238824053,1.1986386302642749,-0.2735272523720457,0.18424438177824531,-1.7931752539251722
-0.3011036955892888,-0.11946226717247557,0.8030846715228506,0.1322182062803289,0.44704319325994435
-1.4785219903674274,-0.38339988685332177,-0.9168455506849105,1.3954352483250407,1.0382094359789305
-0.7198442083947086,-0.1513054557705268,0.838999615221024,-2.4525181790031847,0.701247909696663
-0.4606387709597875,0.1484319325371236,-0.5190022600772946,1.3796539449883107,-1.261313931081964
1.0571222262189157,-1.8988392966561007,-0.15103761738846522,-0.5892472794431478,3.9183776004632014
0.3436182895684614,2.2165259080791366,-1.4155059961289045,0.4096044660459813,-0.5757406165414102
-1.763040155362734,1.6206241568453745,1.580590305764222,0.06139273619683583,0.7209906228421087
0.324083969394795,-1.859690810263443,1.7384958299608604,-0.07447980250103603,-0.6889428947039229
-0.38508228041631654,0.6226623120137655,-2.325887667451442,0.47214457661041,0.12166732060122157
-0.6769220003059587,0.22447258999131725,-0.2495601422499354,-1.7768110059353146,0.8379872862706319
0.6116762888408679,-0.213171634390264,-0.307014417905901,-0.6967788844202728,-1.2266064644781138
1.030999522495951,-0.12213175165681261,-1.6555333407601345,1.6794725856718433,-1.577118427245075
0.9312801191161986,0.050076297809114045,-0.6968208488976437,-1.582936920447926,1.5499398398629254
-0.8392175232226385,0.6263420123898937,-0.1418828678913167,-0.8709146445429679,0.19584640235929607
-0.3092123758512146,0.5852767530035178,1.466944222642534,0.1626587737891843,-0.248095951119847
0.33126343140356396,0.32715149149858214,0.30343444853689233,-0.42746923330210707,1.0921142081031885
0.9755451271223592,-0.1387299301036112,0.2644019443614711,-0.09872390644045159,-0.5789873566543134
-0.47917423784528995,1.4545802996339963,0.8809120265372358,0.5213594864443383,0.6709211142713493
-0.18565897666381712,-3.1839645871217783,0.8825818995543092,-0.02211457279870027,0.6963554273719965
-1.1063349740060282,1.0188044167074315,-1.3452697149855866,0.6960199908119744,-0.9686023879261922
-1.1962066240806708,-2.5141482605823193,0.3504827624220744,-2.022629374579139,0.8753369974484541
0.812525822394198,-1.1997855782596016,-1.3236122730933397,-1.0686358791997077,-2.6098001631036216
1.356240028570823,-0.5509018189502053,-1.541513433965584,-0.9620961760727931,-1.4877889782445581
-0.07201012158033385,-0.34531345572132977,-2.4705103210332724,0.7783920245831274,-0.5803486335658603
1.0035328978920242,1.1104197022722857,0.09993611852427786,-1.1350730433149325,0.919957893046626
0.36163602504763415,0.23477182721252549,1.9563549507619828,0.16164452794086176,-2.0972908997290753
-0.6451197546051243,0.5996490992640597,1.3446611852154624,1.808390646103338,1.1833013935355656
0.36139560550841393,-0.498504407102771,1.3737128417374909,-0.6610344742967565,2.0187187951831436
1.5380365664659692,0.7300177510790111,0.793342591873295,2.4318945246038197,-1.233556015048289
-0.03582603910995154,1.1534474875864338,0.5620851481534672,0.37011451104128873,0.4079308232338805
1.5646436558140062,-1.3080704515655357,1.2354504211386033,2.075696283674199,0.15118702975159967
-2.6197451040897444,2.0915173785169445,-1.2824349329501035,0.10718141920738211,1.214613313078199
0.8219025043752238,-2.3275781560241335,1.1990789299756242,0.9126668139081227,0.1988855924189285
0.08704706823817122,-0.9812501455970944,-1.3339414594678485,1.8822422795801161,0.3670167899709317
-0.29900735046586746,-0.36718221319919264,0.9598301156828362,-0.6788099447420212,-0.5016630370809168
0.0917607765355023,1.2914546453082036,-0.2969232618091445,0.3235814569471541,-0.9313948940947754
-1.9875689146008928,0.9144542856883445,0.10583585266293,-0.47745258675786495,-0.046753945510589645
-0.21967188783751193,-1.7399503746284841,0.48528333466142026,1.6303023931315055,0.25169895536776676
0.3571125715117464,-0.5030280258046871,-0.8650391127653949,0.6088094894191184,0.6060422398941547
1.477894044741516,-0.07165625115916013,-1.761270395387139,-2.8350704610818553,2.1657222649078607
-0.5182702182736474,3.111273814879902,-2.2248753072632943,-1.972603027603264,-4.179696919517242
-0.8084936028931876,0.01914629944000018,1.4484682713708223,-1.097292750445813,-0.26691492427998686
-0.5017570435845365,-0.13590387483416166,-1.3666203416762528,1.8227684361778547,-1.1021531712347552
0.9154021177020741,0.6790535235226667,-0.818640215932348,-0.597492735738397,2.31779962128584
0.32875110965968446,0.8795706414179654,0.041219329868500854,0.8507435409704756,-0.3981927045319845
-0.5297602037670388,-0.028916369058924002,0.2611575469965916,-1.7308980750344245,1.8201503688018497
0.5132674331133561,-0.5671819917219054,1.5366346828391888,0.5119221477291864,-1.772080424580351
0.09707754934804039,0.28768594376528533,-0.11577429238874426,-1.2120002629691564,-0.6890827069944631
0.9686449905328892,0.03073204803378668,0.5982975614274778,0.5432479810120991,0.45090407689573797
-0.7020530938773524,1.4056810370100021,0.6666964328647074,0.23116609325857396,0.32111773892753814
-0.3276621465977682,-0.4394912799068472,-0.14539910211590135,0.6955081595801371,0.4064913482310698
-0.39210815313215763,0.5032765745971415,0.6087502193036394,-0.500338290333126,1.7911584417089048
-1.4635149481321186,-0.35519228730109265,0.07757535678378039,1.3911176354071526,-1.4322258743609357
0.29612027706457605,-0.9458252733763924,0.37525202765101895,1.2237377791515058,1.7083850059649794
0.26105527217988933,-1.7909164905869044,-1.9838243541679872,0.6270874278819675,0.38909546685831375
0.00511345664246089,1.099066365228404,-2.3603809281901436,-1.2067945705435532,0.3695005866612022
-0.23458713337514692,0.35006789554771534,1.4457394222931974,-0.9015700331569966,-0.8931566910505537
-1.4153707420504142,0.8337991164970494,0.5529775108641125,0.20112311049845133,-2.2214778879725334
-0.42064532276535904,-3.8870148976289793,-0.5555281361215297,1.1817670320306717,-0.6179385544216737
-0.3427145165267695,1.7939229788449762,-3.2377817527043087,1.6774093748244239,2.2964865180376766
-0.8022772692216189,-0.37948978972391234,1.8962026770076497,-1.3906066103912311,2.2281186884443347
-0.16128571166600914,0.5465887282823834,-1.481971142687315,0.5670554946491433,-1.1751248656402198
0.4040508568145384,-1.1528059252917373,1.6752841366306694,-0.34521807671899685,0.6967678542322078
1.8861859012105302,0.8956095048327466,-1.52540941079354,-0.45905127062166495,-0.5704169670116551
0.17457781283183896,0.266914567673715,1.2074119350691177,-0.3836152307292614,0.9893423693306501
0.25755039072276437,-0.5015644917135178,0.37069457845103193,1.20225103834001,-0.5072447623775731
-0.07444591576616721,2.094316627372721,0.4047785290751359,-1.6414641378496369,1.1936429228068561
-1.9187712152990415,-0.24279454179966364,0.5803094287889972,-1.1503417797963646,-0.16714116613764451
-0.026513875449216878,-1.1257069775296062,-0.3065239517019762,0.577279862983648,-1.6976449086829983
0.06023020994102644,0.8515080178743024,-1.0975656779587943,-0.49630769036151584,2.0206130748838125
2.463242112485286,0.5378430349313231,-0.5843876094790865,-1.9862152998612048,-1.9275075620325897
-0.19236096478112252,1.8746883838832766,1.0278149258680953,0.41067609092283985,0.0406698912238348
0.30154734233361247,0.23030832711943966,1.1631032592156392,0.8239524897671471,-0.04413471121370266
-0.03471176970524331,2.6144987248718037,-0.1711540412146355,0.8333786868727195,0.4164632439884359
-1.168678037619532,-0.08191703582725571,0.4033641905274733,-0.7551606185083852,-1.2233072216847671
1.1428228145150205,-0.6169755796187049,-2.6137057076205115,1.994402420089094,-1.0589232121844012
0.7519330326867741,1.8506303661681263,-0.850118963695381,0.5853497192919139,0.5557154050443911
0.7910319470430469,1.6318790558387257,3.680777449051485,-1.008701743210301,-0.13936656993994145
-0.9093874547947389,1.7407526684905128,1.826123725623419,1.415333172316211,-0.9442723603571204
1.4027943109360992,0.0021590036728673656,1.0884255386237758,1.7112208724129818,2.0900581523258746
-1.4018510627922809,-0.16104889507521414,-0.5346275638102557,0.5995666362496779,1.5765800493310111
0.5868570938002703,0.6521357883464994,0.362779738555269,-0.35260052508547624,0.7873299624008562
2.1904556258099785,-0.7355454273584988,0.4526316905107754,0.8364503786242148,-1.3775998089139434
-0.9905363251306883,1.8359544033060182,-1.3725284008480132,-1.5326626747990328,-0.21159378670335827
-0.5662977296027719,-1.4476512776108397,2.6894355840648747,0.5486273363059144,0.5725948785120856
0.09965136508764122,-0.4605467573149329,-0.30560522090338216,1.6992410789470966,-0.29629916571851506
-0.5034756541161992,0.39851836586482925,0.31802302816963646,-0.968030616206785,3.015601115214973
-1.5506634310661327,-0.031075742431066367,0.6676303312684343,-0.10018897014807421,-1.0174856918462944
0.06856297480602733,-0.6635436475110081,-0.14696390975640303,0.3490369972873413,-0.07786323997495533
-1.0623037137261049,1.6617053514228661,-0.12410961710852397,-1.7993095900768066,1.349594758059803
0.4735924306351816,-0.2900782980942936,1.4432357018946194,1.246231286356524,-0.16755525012278882
-0.9194242342338032,0.0873580661539784,-0.817770974106002,1.1171315184553259,0.8861724688061317
1.5499344050175394,0.3204902043246951,-0.3878450106293573,0.028870251376686307,0.5054621612427219
-0.7832532923362371,2.274424572436918,-0.013725872845806675,0.8226191861684934,-0.03282424742086407
-0.3220615162056756,-1.7758851197723584,3.1512127592189083,-0.9305057454012143,0.996052877166913
0.8135172173696698,0.3719570085058852,-2.3620256232409513,2.416284374453867,0.14689909054878392
-1.2308643164339552,1.2706347944696672,-1.3781652163612002,-1.7452168761268818,1.9372573585572455
0.22745993460412942,-1.1591685248637607,1.0441334036822512,0.4070917912237792,-0.7772872028783518
1.307142754282428,1.53492876753451,-0.8979558555060487,-1.3283836205376947,1.9640331652499643
-1.6074832345612275,0.7649443409651728,1.0090440285189022,-0.8060271999028167,-0.6813972841653712
0.1846338585323042,-0.9996618107213169,1.0185681946758152,0.2612755858839523,-0.3331689039174751
0.25988279424842353,-0.043828123311256656,-1.2052781303638318,1.0691735307940333,-1.309890356382906
0.7818228717773104,0.19749700355536398,1.5233395345061451,-0.3119656079937257,-1.7753913121938367
-1.236950710878082,-0.5489990766510846,-1.4241906384243066,-0.11143851801294502,0.13880324283518777
-1.3204566130842763,-2.3059163802089517,-0.8684497015725952,-1.222601018479157,-0.18397504569122825
0.5219415656168976,0.6701854340659789,-1.627298163516948,-0.6227449721816929,-1.4928634896980675
0.29698467323318606,-0.4816022523864995,-1.7042330780464607,-2.2393364067846733,-0.2546657735590097
0.25049285034587654,-0.783503078193077,-0.2600730609402516,0.3613460944533362,-1.851872854624647
0.3464482094969757,-1.9780451183616012,1.3588140286014356,-0.6177171005394967,1.4168571261965675
-0.6800247215784908,-0.39644800104161926,-0.8929882157810759,-2.59851353133899,-0.40806281217261947
0.23225369716100355,-1.799107098512442,0.13641136804696657,-1.3254308784427167,-2.82573411014136
0.29307247329868125,1.8045927481490716,-2.3637257309023485,-1.1029136739376715,-0.07017846379488446
-0.7143514180263678,1.214967820651711,0.3556110751833593,-3.1164982373756174,-1.0994620140963398
1.8657745111447566,-1.1881963377961813,0.3202092719915228,-0.5538043837045072,-1.9666619062281872
0.4738329209117875,3.5584779631456382,-1.126118691062235,0.6019825268250925,-0.9204542131564063
-1.1913034972026486,1.3134485316298457,3.620615129920015,0.5217344504844827,-0.16824086403736238
0.6565536086338297,-1.1587438315504763,1.3565652028135835,2.828973914776677,0.5015557905732824
-0.9746816702273214,-2.0398181888298925,-2.0482209218730647,0.33015725239864746,2.276007775365027
0.787084603742452,1.6086654034316168,-0.5764382333927924,-0.7110073230436661,0.743952837285751
1.158595579007404,-0.8386132441438796,1.010149949144397,-1.3016110602250766,-0.8374516117446755
-0.8206823183517105,-0.834381841651709,0.9569677975720623,0.1920592315240992,-2.877648631950459
0.9633761292443218,0.44809280916344296,1.5109284394447402,-1.0231595224473233,-0.2791264983691093
0.4127809269364983,3.1141156968102983,-1.0372524827516603,-1.3977719834693358,-0.024709150814043013
0.82206015999449,1.673219467366067,1.0352131759681076,-0.6703968569110765,-1.415593666018575
1.8967929826539474,1.1393512320485026,-0.2971338471506333,1.5063734693504642,-0.7827008880434093
-0.2453881160028705,1.922509429523049,0.5822738049156169,0.28648863133467706,2.1914752813863085
-0.7537361643574896,0.6816438775782984,1.996650984004043,0.15874796363343896,-0.4827823221911811
-0.8895144296255233,0.23131327473652252,1.25454002057739,0.4296671617617509,-1.4158048473361484
-0.8158102849654383,-0.34146867676849046,-0.18641523558150835,1.314555363189414,0.18310260988390636
-0.0771017094141042,-0.46686609552393066,-0.7574361905267462,-1.3223040317582315,0.5674703393027942
0.3411519748166439,-0.11656432448939535,-0.32641814100285643,0.3706128346022297,-2.024089545159839
0.27669079933001905,-0.5151582064950255,-0.9165555766989519,-1.2728441039850464,0.12111181178309305
0.8271832490360238,-0.08699151733576074,1.9343052108922538,-1.1540267653794343,-0.5267696359412537
0.01300189187790702,-1.1139285398701688,-1.5681495459869335,-0.8476105682072831,-0.9325099738713633
1.4535340771573169,-0.08923830248021497,-0.12406871632855279,-1.1547594204811382,-0.3711073818795888
-0.2646568332379561,0.028882746859204333,1.982887635552904,0.5915064099855072,0.8896001621305124
2.720169166589619,-1.2888491004823401,0.457301441136795,1.2820116519210536,0.13032626643084166
0.6256673477650062,2.0840125677662114,-0.9138606352140514,1.1700075125405145,1.3039579561815124
-0.8571575564162826,1.8299694297801037,1.5006116110495642,-0.23005643829638678,0.42679264743327716
-1.0708924980611123,0.31830631651091523,0.922293237457146,0.12177858621931992,-1.0304048705240823
0.4824724152431853,-2.3201253522659555,1.274854366007103,0.5871188995893322,-0.4874847844423139
-0.2234627853258509,-0.6518974459001079,-3.693192336880818,-0.17476548776134693,-0.009063451850222781
0.714000494092092,0.7843472382601203,1.3522267029192272,-0.8427396363930739,0.219663407338048
0.47323762457354485,-0.48268704767384524,-1.0988223689178402,-0.851467199028653,1.6748840775862983
-0.07282891265687277,0.10663318720445675,-0.2937957048437098,0.6894729133000108,-1.3972171954987629
-0.846793718068405,0.4990718601647409,-0.23395653932437002,0.6306294738691318,0.1349530250245462
-1.5148472246858646,-1.5611000575115188,0.8162405260560284,1.768027542147676,0.4413805659840573
-0.4465149520670211,-0.9550175511341453,-2.6327124960600283,0.06653117584233631,1.810220882427888
0.8563987943234723,-1.646585961365119,-0.46979027689088915,-0.809092856097305,0.31677575262865404
0.21409374413020396,-0.0018884879247831332,1.0670621569841867,1.8072304604422436,0.6368215090702732
-1.245738778711988,0.4696475550336797,-1.1071986102581604,-0.6847926025495576,-0.9806077021814132
0.173180925851182,-2.4650108786300606,0.4887580683662967,-1.9784862380130588,-2.934763952235319
0.3853173797288368,0.5617013860562263,-2.268209250725236,-1.5436125400511411,-2.0786671624205963
-0.883857436201133,0.2500843668835045,0.7586921769765036,-0.9340749350177813,-0.13758984449720435
0.1537251059455279,-0.0662102509236453,0.25978517477615537,-1.4111629214511145,-2.3129079796198213
0.058208718445999896,0.33152170822653093,-0.9397492653664721,-0.19337967296240932,-4.136562676854648
-1.142970297830623,1.404886532886044,0.6997506707679978,0.041550405615278285,0.41647566784928125
0.3577873603482833,-0.6748547058335288,2.5242539917635654,0.5645323176050725,0.27689754819493706
0.5607845263682344,-0.1789543888814547,-0.87122223399325,1.8566124207554116,-0.6385825527153717
1.083051243175277,0.5148466714900478,0.7376169558119395,-0.3286554495465047,0.49975033588339934
1.053802052034903,1.3014338992590817,-0.8676142642156695,1.5202262789737326,-1.2326680792718783
-1.377669367957091,0.7865215067501363,0.019195945764115208,-1.1449080849780504,1.3267163406529263
-0.9378250399151228,-0.9237768663660813,1.1818076468659164,-0.2788865903751607,-1.5422417441654472
0.5150352672086598,-1.3584692157473413,0.608926784965797,-0.06397993449941652,0.27095464667539104
0.5137859509122088,-0.3023762305048863,-0.6049687710625474,0.7966294659391047,-2.905810610503924
0.5150476863060479,-1.0429551061611475,-0.3097355656129996,0.25087031524584225,-0.21954829237651552
3.852731490654721,2.110110123601173,-0.368050362383557,0.23661822392184245,-0.9253577087143765
0.570890510693167,1.4530488080670196,-0.04083836627731663,0.7233869900881608,-0.06704609923501822
1.135565640180599,-0.29328184031069043,2.486859177585293,-0.5613431768069554,0.040661833580390105
0.9540017634932023,0.07648868255722174,0.9069592953760139,3.09788242500536,0.34876923845020225
0.651391251305798,1.5627256113896828,-0.07317629950028981,1.7980377877694567,0.6189691683442309
-0.3152692446403456,0.1610241976220308,0.5975211869833007,0.7292980822127973,1.4839217065463173
0.7589692204932674,1.0270536014254918,0.5418077038548033,2.489625066981285,1.1417748889819435
-0.7728252145375718,-0.14221216989858132,-0.017773708719953263,-1.3915928668492432,3.848347490146983
-0.23681860674000887,-0.2619834879524982,0.09045206657286711,-0.2234415393229856,-1.5950402645728698
-0.48536354782910346,-1.0011200779777636,1.7368824808289949,-0.7417862850223799,0.14570537289412855
0.08187413938632256,1.805394644293016,-0.818631321756881,1.3376372697031917,-2.3972918205802687
2.3146585666735087,-1.130286521459087,0.3987481057765548,-1.6779292916982271,-1.3218463885504703
-1.867265192591748,1.9300817068984837,-1.188122824548806,1.4586127849360122,-0.49756905757688186
0.6862601903745135,-0.673308753882125,2.4036303949512314,0.5562010577394649,1.1613299343007393
-1.6127158711896517,0.8941812307136576,-1.0780581079366898,2.235679570134037,1.6234735359899948
-0.47193186578943347,-1.3141887687104645,0.0035956341477568765,-0.3494648456778123,0.4151407671374805
1.088950596967366,-0.4601730057860296,0.1803948865608842,-0.7181807180275491,0.24033026298650267
0.06428001909546277,0.8060768898562658,1.0479369418837923,-1.1689496421141503,1.294273266121814
-1.0777447779293061,-0.10200598826166468,0.12930005827963753,1.5307417803143748,-0.5154541053340544
-0.7153037092599682,0.20945777224439543,-1.8982589397628098,1.0728920941740672,1.5011749298425487
0.6795977489346758,1.7098104051093737,0.788919142580328,-0.8289248917611675,0.8668697561636036
-0.7303666317171367,-0.08177336075356051,-0.044315735983307625,-0.039504557060440704,-2.234021370534846
0.21645858958197486,-1.8810596217810733,0.9536182434663911,-1.5305910459718879,1.3239692900619955
0.045571839903813784,0.06323896435612757,-3.129743618117513,-0.7139371295239505,-1.8353304765825762
-0.6516003476058171,2.611609625586988,0.9891543973519654,0.09520375335839626,-0.06666644723614346
2.1439440893253257,-1.2597948112938027,0.10830443548385693,-0.8658221227548423,-1.4868713038845365
0.6339190223180112,3.1398776679717955,-0.09461339086212195,1.0162844830907198,-1.8721173627116543
-2.025142586657607,2.1214441296990483,2.2273951286199294,0.5916601734622089,2.2481149856948113
0.18645431476942764,-1.9711880523683196,0.2969583521482826,0.577998683837218,0.12602584981192422
-0.661786464768388,0.6995010995238747,-2.0001731151082227,0.9399270545501108,1.915674423112319
0.852433334796224,1.1651460977906665,1.0920053011494666,-0.45351012424313,0.673710984581571
-0.7925207384327007,0.2175755933698697,0.4899315625800511,0.6591517722241994,-2.2047058723523616
-0.11473644146689901,-0.7583448770052522,0.9489307775962863,3.4139195100359885,1.4193890175110802
0.5049872789804571,-0.661996422975473,1.3595119244830491,-1.2237542698287198,2.141243290273183
0.8657551941701215,-0.6612656354065469,-1.9296607556388576,1.375029836575523,-0.2803146023459324
-1.2002964070557762,-0.04324890914692214,1.4380759409594877,-1.1432649665446495,1.1252347368005005
-0.3345012358409484,-2.0641477517012996,0.34245804120078827,1.1487708405985062,-2.45773020117859
-0.4749453111609562,-0.20006739682943778,-2.290946846290511,0.5653156954354845,1.083311437849374
-0.6533292325737119,-1.102434948871311,-1.5306976949059932,-2.268779261136591,2.648475698501187
1.7654542402810969,-0.22354455101085058,-0.8828214585609758,-0.4433029045518885,-1.3220369503948135
0.40498171096095553,-0.3200776780068595,0.6138790666469205,-2.541760519484071,-0.41216007664697396
-1.2608839543350452,0.6143674298871259,0.2420483127033651,0.7817357619269067,-0.958065013630359
0.9178619470547761,-0.0490898064256069,1.939833158479197,0.29895448766981386,0.8360570747446362
2.1221561970126332,-1.3512322796331122,-1.853985779564876,1.598903661000919,0.4486978203986454
1.0324652605511468,1.8595659077564153,-0.41234650354617786,0.30179707133351763,0.1874977566416327
-1.5193699659540134,1.950394674859095,0.3140363685688785,-0.20268844509869394,0.4752856828564125
-0.48423407286625136,-2.2731999948590147,1.6485687982198594,0.8315737395527522,0.8732926603379897
1.2669111491866227,1.3336085358313274,-0.705523597118411,0.36347758508438,-0.17080316045782284
-0.7076694656187807,1.305856813796681,0.10077225237473508,-1.6763902009541196,1.7152778893144516
0.44381942814622843,-1.2003804816915553,-1.571212104972807,1.6271260818766233,-1.4328181849084218
0.7746340534293368,0.25490452204465386,-0.6135429337349173,1.19960760785586,0.41393135396275804
-0.926930471578083,1.1005707499222581,0.697336641199705,-0.8436417543134876,1.9573181632049326
-0.05952535606180008,-0.5728459386922465,1.1869703459516279,0.40140876034655226,-0.9617076391890595
-3.2412673400690726,0.4970882432031091,0.6712800810026059,-0.09965501163643742,1.0806418957633497
-1.0243876413342898,-3.189560731127717,-0.8403671648660342,1.2694150960608133,-0.37148264156768707
-0.2525681513931603,-0.5477105248979248,-1.8869444621341311,0.47839643070629767,0.955705933318747
-1.2477831819648495,-1.5905122028801923,0.6113359576287256,0.22957143227178145,0.8762773488993297
1.6324113039316352,-0.9846742887240949,-2.649614130864561,-0.7981018515976261,0.47455420340743104
-1.4301413779606327,0.2387802712873548,-0.547020273032525,-1.9150072122280992,-2.6340132617298395
-0.44004448669698376,-1.7366289071622094,0.1049336958154965,-0.28276447330466614,-2.653249509876871
0.13074057728609134,0.9280620345225488,-1.3788795400709404,0.7600970974381757,0.7031984061470826
1.4412732890661155,1.182828524694533,0.6796941547905156,-1.2882081257246714,0.47594108904899335
-1.4358621511794394,1.618029423253458,0.1434078714195416,-0.32266481818072945,-1.554297803351159
1.1631637521549596,-2.0974162704981865,0.5656886191849518,1.2936192348997477,-1.616705869802058
0.010233061019587049,0.49780617681366973,-1.4453143631149004,1.4328196371955997,-0.04484093335605022
-0.9815086510479509,1.2202608426928943,-0.48939372480947985,-2.1236247269591413,-0.8755429302054676
0.46210347426327075,-0.5453391420936609,-0.4726247892328622,1.3090271642258047,-1.800180500268846
0.19905969557347003,2.6428019719659837,0.11225111659528764,1.3472270463113272,0.4487841507995969
-0.6002168771587947,0.5326596262958009,0.3112379931033169,0.01559520125780968,0.11119374606374666
0.06980208499001891,-0.22810269752112466,0.9923602227291534,0.9969336512071582,-0.05564726416170535
-0.3853135968617602,-0.26025500470948815,0.16847488094575047,1.1107997480963088,1.1615175518184646
0.11351734525124804,-0.1361786130209498,-1.8349936056483351,-0.8627439271342954,2.981837730686992
0.6621306745210467,-0.07300769470467028,-0.8612480379046581,-0.7820424645080982,-2.2020785612706497
1.586016816145352,1.1716001488533232,1.1916607592704118,-2.5377363436773286,0.5337470716940435
-1.237815498826849,2.0669140880963304,-0.1967262543567061,1.3312176407996992,-1.057087513926791
2.1330333746562666,-1.6524603096867438,1.0448578265823831,-1.288703679528545,0.28588137326305885
-1.9520877995225019,0.16189040870160842,-0.7355139112395302,2.5414371854908513,-0.827726989036805
-0.15178509503558332,-3.2026668327690477,1.5042457260302795,-1.1200637513682856,1.5755164990550659
0.5883172064845765,0.40174176038763537,-2.43849864228577,0.43859843109141755,-0.7103624206758896
0.28099186773503265,-0.69154456163467,-0.44217484300849885,-2.563933412829528,1.8600097582776847
-0.6226995198205938,-1.95619628553796,1.2530927428265457,-0.34438628300918533,-1.4455404976323096
-0.20812225035727522,-0.047311059343451534,0.8450990813491087,1.712305073788254,0.23309934682609373
-0.4930009346588328,2.347313942182698,0.7683926651638915,-2.736627909656824,0.9395347390759607
-0.5893647569442115,-0.3511715658010763,1.1965384385491904,1.5701291343507089,-3.6733589926497947
0.8496020970210246,0.4259354445906938,-1.1317517849391143,1.5208330391761937,1.0476350969401593
0.35701548596504734,0.6765508264622823,-0.7942861113444818,-1.7650738315731842,2.42327458620487
-0.6929095952606542,0.15102118698439043,1.1156701476032058,-1.2652462042098225,-2.939226921848195
0.8995998754332507,0.43403976630531066,0.6010134601703931,2.32562633418817,-2.067286331544553
0.30729952087660933,0.3394453686146241,1.4107455975208885,-0.6597951397792567,1.9867688035846043
0.8128621188389601,0.48250197868552946,1.0900527394734265,-0.45884034169601073,-1.5124908966706678
0.6296288419236122,0.8907012893832856,-1.1696394561540704,1.675169248738487,-1.159595720472021
-0.8289950109220723,-0.22735026429652022,1.7411568980662495,0.0154476874299449,0.9165368172626127
-0.5601810401969696,0.4117458418910722,-0.9228471068855894,0.02574756950508661,-1.3532592542461934
0.7472936051232618,-0.5670864848332873,-0.42679685428343717,-0.22071894663857283,-0.9535237906122991
0.6103702654334648,-0.23263963590656145,-0.20139734822403998,-1.0729476727863305,0.5268527594764505
-0.020901593964148132,0.9637690293738289,2.103535753367662,0.850136513683003,-2.1657279204600286
0.117327383308782,-0.913099097565941,3.7749141503223145,1.83299337544823,-0.9177629235484352
1.277664895788425,0.11031032568527563,0.14390303216396783,2.3311025677630175,0.8363697208246896
-0.5915713888358299,0.8852464304076938,-0.09284324088511545,0.14529254484282145,2.59683755672026
0.5470973811700379,0.6717955936464972,1.3604283324209248,1.7571439262189104,-0.08068777212263238
-0.20219265243389406,0.8576663996989793,1.0460818060463357,0.8094315894789034,0.94113406285951
-0.2176812032272203,-0.16656181544886975,0.2722947886433093,-0.5619027249083177,0.6919040690987297
1.09877685198719,0.6653894569412329,1.651272652457719,0.8156917481993243,-2.1952296127863065
0.8254163489880298,2.1593513454083464,0.49746112669385245,2.6965875658855403,1.1472590523344919
0.8135096360006385,1.1356017506434832,1.9070518173917246,-0.6161582054259412,2.5407050841120764
1.305478807154329,0.5798093650438276,1.481350032072612,1.049163363885208,-0.9022350384364742
0.02100384163275905,-0.39800106734212926,0.955544183936561,1.3496665761235427,1.8452552029045832
0.6819529712949639,-1.0504109739324412,1.0315836089448462,0.5022556340820336,-0.04776283805420456
-0.31026675659345604,0.17214237555180706,-1.136157521023316,-0.6890704570020149,1.529713500519196
0.3241663524884421,-0.8266989317747023,-0.26764467478163784,0.3522715556414121,-0.3967627000063608
-0.13014305436768459,0.039945143756463464,-1.606583725837083,2.2646255647701463,-0.05473534536504371
0.09699596499271819,-0.034450213160272046,0.5567237082449907,-0.6945117108433365,1.7918268164478055
0.5951570254369136,0.5975899298516335,0.7226684806216727,-0.6693952633110649,-0.662874134485611
-0.8182206832334725,0.3461111397467483,0.7856666205755181,-1.2702281967528877,0.6847666857688651
2.0923872756854602,-0.08625283443722881,2.0260951108519856,0.7515196084068781,-2.0928616848733235
-1.006017381499702,1.5291455077899423,-0.29418864101770265,2.0181487295810765,-0.16130355242109573
-1.2141886127877322,-2.6796787334036627,2.061030592193122,0.33161643975713195,2.650821875737341
1.1581108735000678,-1.7892674227701668,-2.7333454572910565,1.2807520482953776,-0.3302417833781537
0.7916626939629359,0.666590055728432,-1.645989997695804,-2.4865134547268277,1.9251347159678938
0.6241198170521551,-0.6555308570670525,1.376266047480014,-2.2873398586274614,-0.28977478077275265
0.6283455092642799,1.036812601932713,0.7588354903984985,1.5852347620354172,-2.2316669138436027
-0.012246772846914623,1.9705926888286933,0.41167529841782086,1.0206465604248693,1.9495501362036394
-0.8972543714858315,1.2101891107044764,1.1022007453355638,-1.070015886743791,-0.337175032999963
0.07580455819372633,-0.84152093097029,-0.9164532231826455,2.6218970829635175,-0.10127941132722362
-0.6771617115121117,1.5437893275855605,-1.0469659777375038,0.570546664832286,2.296941652357581
0.9751197334177512,-0.3253457408563666,1.6850191947706845,0.7283519747597049,0.9294756140260441
-0.14705738150213865,0.34549784227438646,0.20938363222474948,-0.20498327230117308,-0.0628904922276311
-0.8254971967925115,-0.7163428305924369,0.9659505625437282,-1.379674424782449,-1.8250700334081111
-0.32138584165299344,-0.8803177242428863,-0.35251494256589994,0.3410602679325103,-0.6004874750764545
0.41293145427562433,-0.6131469076983241,-0.6807448625310202,0.14687560069110317,-1.7905549381334462
-0.5637245528039747,0.4594682403684247,-1.0633103458185071,1.2599675606416896,-0.19985001168965227
-0.8222203955664315,-0.2340332059129177,1.0524419766694344,0.09681070317823137,1.9491559149333213
0.2436872114919123,-0.5725082567430875,0.13483897559173852,0.3161359859662679,0.2693462984156212
0.24496657110872277,0.6075192177906885,-0.04090139904867385,-1.042643579203072,2.2012514335628275
-0.5069431753711298,1.3621228745624472,-0.14916907032466242,1.0418875360767543,0.19099428921931594
-0.4710383056183228,0.5946939126815329,-1.398791511257404,-0.8421172885433732,0.179611640535827
0.2320499373576363,-1.8146247823827295,1.2424167154831232,1.477588812638094,-0.6463804509832599
-1.4480843414973241,-2.3914861787516095,-1.5274613388852656,0.39099021039119985,1.1347003475660393
-1.4074637743765552,-0.0793391278088531,-1.9889038722116346,0.4352101023489252,-1.2693845950331673
-0.718444221252436,-2.35210334047901,0.2193840455603699,-0.8340761124508584,-0.5922308346052131
-0.21344715171184725,-0.7276763567693888,-1.990303442471601,-0.07304360956096624,-1.228021796940547
0.3109075655980046,-1.3195260322576525,0.4805649392861966,-2.0211487509584702,-2.0946553905047094
1.475356216949552,-1.5843451416614165,-0.10679121206568287,-0.3669848086624178,-1.5694255325151332
0.8576596232020194,1.5742120800694743,-0.015330977950829272,-0.010257602128331378,-0.5426596915829749
-0.1599385299634271,1.3595168965440605,-0.13624280608093153,-0.4042794374610399,-1.6810999830142392
-0.01901620790268883,-0.6884673717011184,2.1490003206190362,-0.17604490648023552,0.08078931530850014
-1.0025293646378088,-2.604353637676792,-0.13096471360573125,1.1018237868932006,0.5750368195067711
-0.01851313599238993,-1.2480150034989488,-1.6771588204554058,-0.1803490672334782,1.1084935083794494
-0.2886586389201383,0.37884481020787353,-0.781377843798566,-3.580903713900012,-0.46834742899575277
0.3227185603380895,-1.6809726160182257,-1.5923667685921001,-0.22878752378041245,-2.273280819368155
-0.827230943552323,0.40926291201581827,-0.5184310882044836,-1.5030144890912849,0.49719034145236113
0.5193465142411723,-0.5943715096596216,-0.7279244840727356,-1.8649966232930062,-0.8950080215533396
1.5327389130025777,0.942834059569909,-1.898025323739042,-1.855735267135059,-2.316609549069166
-0.1087601484568576,1.1924976075159575,-0.8951382021605849,-2.7314140802613935,-1.2079874481968667
0.40171172209894146,-1.0492010448013558,2.1687588526486774,-1.4306525661055505,-0.9896506133836358
0.6901439917111125,1.4777697071337503,-1.1864919606305238,0.5162318656837679,-1.7411511114961706
-0.40122047188583626,0.3245712211708087,2.3931260801130567,1.163902039833952,2.5109248316794455
0.22409248181041677,-0.3081588698300172,-0.16647265495355967,0.874701668290144,0.40549069788177716
0.01259240078179486,-0.7764032218059043,-1.9818035340737064,0.20853241063785008,0.7321683479722514
0.09767609854883172,-0.4344675706442539,-1.4374983063084863,-0.484687688072159,-0.5056596674960561
-0.7730097838554665,-0.8164294450427187,1.0223555549193502,-0.6768551028493172,-0.16447931453746634
0.024510174258942714,-0.7140529086222496,-0.5348100708933774,0.20115849004847028,-2.283705774914729
0.49799829124544975,1.7288656021236033,-1.1372166859583657,-1.6541466254694113,-0.38511500677794497
1.4511436077950417,-1.0233023390595415,1.031804079192272,0.7818250013091907,-2.4154385007240964
0.9592708260852069,-0.5977608724202119,0.1395310540114092,2.7385779559518753,0.7607983489396436
2.1531824575115563,2.1426599057532534,1.2538614620308675,-1.9338369742359844,3.185309740270408
-0.7673475628880495,1.2979040431062232,2.8076104305951146,-0.7018122678000961,-0.9010633922742362
0.8723206367206782,-1.2062160326815512,0.9351381130174928,1.486031801587016,-2.933109175098969
0.18334200573835174,1.6505291331005512,-2.159359971289229,-0.2011113367713272,3.230895094197493
2.1898029332176723,-0.4772761357200179,0.673495596443203,-0.7196432448642917,0.1343908712038066
-0.8082982853551515,3.3588717667993064,0.0766450404443827,0.03628477610083358,-1.3522137363844338
-0.8397218421807761,0.11211707159066309,1.372617837154344,2.05253124326835,0.18615573987160772
-0.5993926454440222,-1.0757166976722459,-1.1435818647062568,2.7472572592451256,1.8182148171173724
-2.123895724309807,1.737733361454688,-0.44598701994047024,-0.21122359377308889,1.5309570904445367
-0.525755021680761,-2.092441930020203,0.6403965355236863,0.5258764460418703,0.028937792323604383
-0.759132661553698,0.37406685683277424,-1.6505926868914569,1.88337904700319,-0.18677113078681096
0.15039378647620763,-0.23210028268109656,-0.7291884127879107,-1.8519171418208868,1.1023412449125292
0.34175597577715944,1.4070169399321435,-0.574190654012425,-0.9956725526072967,-2.167812849211794
1.8761708392158862,1.8007403797708643,-0.17560653835937035,-0.22116328343965153,-2.22920933182549
0.9504238381860503,1.3453237365168869,1.893095393743367,1.213498591133839,-0.03109415653633732
-0.5769036556624031,-0.08812118361594834,2.270762454746962,1.4365206700820237,1.5560983094234093
-0.898414671348358,0.05613958397543428,-1.6051213025902529,-0.2650943793371465,1.6641001321419913
0.4919191715065057,-1.3066056396959567,-1.0745121649034137,-1.471309320071728,0.607849749165517
-1.3202332070206422,2.357730667581177,-2.419356476342565,-0.48693585436311326,-0.8527072460425142
1.8314587658543537,-0.787627913831712,0.6764171508356421,-1.4353898867716435,-0.9222741817073942
1.179440120721287,0.9166995847859389,-0.8733218888124096,2.950428237398418,-0.3086480449861261
-0.4691756521047048,1.0102883903698092,-0.4418577975492546,-1.9716050720734755,1.0028250500767995
-1.7131345290908775,-1.6755492460029897,-0.06288358172402242,0.6038559982519545,-2.477955440171261
1.3538723741654128,-2.1708082088742655,-1.9824846907144047,1.7670461927496235,-0.4811152728216811
-0.11453984525261789,2.1481245698602143,-1.392077133765452,0.9757910953361373,2.4936930133390094
1.2378163119734618,-0.7370721706482283,1.5495683342159814,-1.6124707393524218,1.7234213904089855
-1.594427658794367,-0.18043956430051644,-1.1246355922371527,1.7556941573646565,-0.8026713544369426
-0.5993750229537729,-0.5794466086287706,0.45794598358117833,-0.10121553089068258,2.4764851911035226
0.005243699718183166,0.7661416385953559,-1.3147316865399608,0.3245282556956072,-0.9602552071245342
0.046980593764742055,0.7226239004677949,-0.06839679791450717,-0.7985718584439215,0.6082177244174662
-0.45006547147924364,1.0289341014411357,2.0363371504478893,0.6384591619128498,-0.7640319151383015
0.6228499323474987,-1.0718409186049314,1.8690222806403383,-1.500924054900191,1.3576494334151938
-1.0676204293825944,-0.9858157140985946,-1.9705213376738364,1.7383586327511074,-1.3159634764723505
-0.1423794850212935,0.7539993513876707,0.5236795405341268,-0.9835829069890467,1.0057440177908048
0.12029563171189886,-0.42234547835704117,0.8681101013706491,-0.308747794794193,-0.2459578070302474
0.514438834058749,-0.16662607425671816,-1.4021498734375268,2.6203060416841186,0.6291709313558784
0.7116148780888898,1.6883013256901822,0.7715532961400712,-1.3624976116726755,1.4278996385004934
-1.1246420918378692,1.0543604240628828,2.536414231475269,-0.14444249288601774,-1.1510737606905166
-1.5341141707356223,-0.3313616922049008,-0.38188013078630556,3.512609392501896,-1.173994627950467
1.277676821898509,1.0911224253861485,-1.420576294668075,-0.6685052299455141,0.3120264965085777
0.33231401197959165,0.25085554494881324,1.10298842831589,-1.2177543084652391,-0.33434455254268225
-0.7484865365565536,1.1604599364669512,0.7802261298696074,0.6215066755113505,-0.36529809051755946
1.551151975522523,-0.466927450692503,1.2314004470668762,1.2280815975620363,0.7592721494958059
0.11567463429285867,1.354398661729023,-0.11742046991272082,1.0485006671201493,-0.9670964397047381
1.1792971840638264,1.6094406704175328,1.5332408444494126,-1.4796717703251019,0.48795110361964494
0.06751848141010895,1.3333437851343022,-0.48704940281445896,0.4874473731712825,-3.4020851763111626
2.060747924881987,0.5855590160367092,2.0677787544077475,-0.31934199321273515,1.7596590061912107
1.7553408424432044,2.515030884727193,1.482625044869161,1.1498935920803441,-1.341528176688274
-0.2489641484790735,0.8637858601673576,1.6463490757601649,1.1945613813885063,2.1753184831241716
0.9715709509543554,-1.0134845712743579,0.9150182330027777,1.831254651610196,1.9015187487949508
0.6453759495851475,-0.36470952835298476,-2.112539032736623,-1.1508687027970836,0.5644133687520951
1.3686315575323487,-1.5145934246663986,0.6233712771276492,-0.08511999691610073,-2.053479913505412
-0.9649234605801045,3.014249220212966,0.008373514256489023,0.39250449834178774,0.28227421885345766
0.6860514599984393,-1.7786547881277563,1.8555230603668766,0.9335034258965823,-0.5303204385096408
1.0584244868495878,0.2589823984131355,-0.05445107236740676,2.0906823175013125,0.8492873828754735
-1.7587394864231143,0.4640838409057907,0.0012294062261590244,0.5459460923504725,1.1897182631941317
-1.183258512665775,-0.9237109426870791,1.1141751924013719,0.5447317934645312,-1.3444015405852554
-2.0392321777601006,-0.012543746326745708,-2.0091416559625896,1.9311209854350342,-1.794682584352834
-0.26940683444455776,-0.5669890360723249,-0.3848015778373435,-0.5585193091733811,1.7715810368426246
0.7175422557959623,-0.7716622226801289,-1.0696184292670283,-0.2555990014758652,-1.0083731936693303
1.502357052096028,0.3351578652707621,-0.24134523963249016,1.6744906379183728,-0.7575690180948245
0.07409478041977519,1.3342298869555194,0.013314680540811141,0.5610003596228574,2.035456349428484
1.6286155455712918,-0.19682477988970445,0.9863494634349002,0.6796176528019662,1.6222425643307308
-1.3801014582148914,2.7473764579198967,0.7498632156225866,-0.48149566507772,0.2711494008797638
-1.7033824393551547,-0.4750960691121726,1.4255086553931184,-1.0474097651814145,-0.7257952389720375
-0.05554769889661878,-0.45748992149879064,-2.2581555727592333,1.6871318816750698,-0.33778477903124793
0.3840654489393073,0.6239978794397796,1.0098242116494789,-0.9002698520691043,-0.007230064359519339
-0.03269474809409311,1.44231967174284,1.6767887087413906,-0.3474398567981618,-0.4970628269075865
-2.0674421000398766,0.15813523503784177,-0.4558832245524065,0.9988975469405501,0.2739340863836246
-0.08912003951278841,-2.74404141798376,0.7589669983358873,1.8389695397454853,1.4793482459700693
-1.3044695005048532,0.3373039240936897,-2.495228109555186,1.0464298443960063,-0.4655770707060767
0.6696725488300385,-1.5644855441452261,0.40540316552406785,-2.962312178969941,0.07578860570786439
0.36659824609684827,-0.05984589756872993,-0.8793594932105753,0.15184361629479037,-3.2481129959994193
-0.9398797863273552,0.8429827910228871,-0.06342898445167544,-1.6260559413803586,0.22136184744504528
-0.5138669173366935,0.580367221004487,-0.25229479624589846,-0.4310252794598503,-0.8201001733363031
-1.0592135218889516,-0.33843526539962376,-0.6823213777122225,-0.261638746821136,1.151890183878101
-0.06267909727317188,-0.4326164527233023,-1.2395696233820623,-0.5764639673875481,-0.7042764778249819
0.9551423205012383,1.6583395765440176,-1.3658944911587814,-1.852493800946107,-0.9587436722192524
-0.9857260463355437,0.909352803839435,0.7431877690407019,-0.8037974137986934,-0.33232302187813856
0.5040465155178444,1.9116748817455145,0.02545910895933723,0.23416934373217602,-0.3464609925086497
-0.5302576183724408,0.9183422064940352,1.342171692684714,-2.6464592052667024,1.4549869861737146
-0.7928728322623442,-2.131943092016526,2.097631213238298,3.163343166099203,-1.8284393612035257
-0.10703035995455783,0.1983306385208916,-1.8051020728900382,2.2033248014602016,1.3735579141660919
-1.035242322419374,0.30623713291458726,0.10070797011711963,-1.7379244816859694,0.42953148639035477
-0.553649305347182,0.5650831283891837,0.6206945687738601,0.11860142934371376,-2.9418518344077045
-1.1978778925888485,0.28562683752693097,0.443971138388054,-0.8315053799336416,0.7569329782334442
1.9647251329163893,-0.9769705087959677,0.05267389507539828,2.042836271682842,0.5233925191400948
0.03526355197172861,0.1510093567521067,-0.10516620381491604,2.00404630406135,3.4836311587326545
-0.6997255079925856,-0.18433877090581524,1.1471711709316272,-0.17846390591823214,2.4463423755723204
0.213979910734222,-1.3403283098041099,-1.3192527421886868,1.5277019195836277,1.0200674528004001
-0.11232804969082982,-0.4307375122907673,-0.010925742910557479,-0.40771594921329546,0.6421452030132175
-0.22096959953322298,0.5099487696370287,0.736116054341625,-1.7431942289813867,-1.4825885761144932
0.6141667000434252,1.51522578467815,-0.5420101342673161,-0.24659820091423748,-0.5444760507675561
0.7575077100473051,0.8245882198533787,0.7292598479267102,0.06810854395613922,0.22040219150801066
-0.5305011476105275,-0.6656276650020708,1.2798731127507863,0.29172395583068494,0.16193120950580392
-0.57581824064468,0.07325186489277152,-0.31487533906620546,0.5406724336212922,0.6207506452975379
-0.275051697151644,0.7935587181943751,0.9504536359292393,-0.4170379926362179,0.7557234293552397
-2.301921164735585,-0.802319092325533,2.5879063815231445,0.32127851597406587,0.950186465744587
-1.5151910621985523,-1.745361981987827,-1.2696610879432422,1.3254886585650536,1.5520083975962085
1.3668742674445247,-1.0459455488097895,-2.944301943568364,-1.8091652292715577,1.6046112791923899
1.6449677135012837,0.17191367412892722,-0.6737114974595846,-2.4183455211516303,-0.6015293108543179
-0.24903603955637832,1.7997578332947575,1.2175816224239644,-1.86785252932674,-1.4206138644965285
0.5765569630557664,-0.29527337629724637,1.162502856852995,1.5164223008944644,-1.955451755496011
0.3112501545435361,0.8231223180460643,1.2309131633054977,-1.1007184491106994,1.9697025156287116
3.0788808084552377,-0.6696170696216248,-0.7540775517834867,1.5573735957499506,-2.275069828147821
1.1195749114345768,1.717758265595256,0.4514851345838595,1.3316550719632678,2.299790428895844
-0.12791759148076653,1.506083795831975,1.176682554575306,-0.322471654035565,-0.12919888219542086
-0.9555404406004258,-0.46237546612830355,2.808292277553657,-1.6171365863185994,0.02782596356628092
-1.6064463202575725,1.058085542813107,1.7229523426597366,1.2138314878037648,-2.138863227481038
0.2034636358672231,-1.5241486097949029,-0.5242759485569221,0.4862841359365844,1.5244541733174386
-0.7563507452843033,0.36710927085894207,-1.793565336883303,-0.9028829365077502,0.3551020828213587
-1.4222537095976742,0.4031453101740776,1.10418161316944,-1.689889111500035,-2.3170623073695324
-0.6465728842425266,-2.4139433296514037,-0.4124632182877668,2.08200062538881,-0.9312116581815492
-1.081548003614395,-2.2134098309505443,-1.6790589956372421,0.6208854680388576,1.0876797234783375
1.6871416350725648,-2.282739917100171,-1.27528836020562,-2.320370711528418,1.3778550952444553
0.8816397569494505,2.443583247977977,-3.38550751583206,-2.7717374629628435,-1.8549708804883271
-0.007972641316617372,0.06528968397216861,1.714096368416521,-2.3660422990726464,-1.821968984982237
1.4799441388900259,2.55261843674662,-0.3925910049932544,1.2052567424095633,-2.850402794273329
0.0773683076476183,0.4717132985656295,0.7807946035785528,0.35874969055766515,0.3748731625002888
-0.8612842013282637,0.23870911855036978,2.1234718944186364,0.542786659887748,-0.1716388836549524
1.5231240772696573,0.9392110116380911,-1.113941842709786,1.5024023226990049,1.290931808152754
0.5389100436846587,3.0722797422478827,1.0244254321685438,1.5611900385414257,2.879298945964693
-1.0372461543264564,2.4387406072156588,1.7141141639730302,1.5070344988031072,0.4437802790902643
-0.1903386780836082,0.482293922564623,1.1012831482173926,1.5592410809328043,2.282475743700166
-0.8756182533847572,0.8908254511529367,0.7203450110360858,0.98898497039836,-0.9222845529794585
-1.382799730964336,-0.020405828168146845,0.7283624167202762,0.07615304700394998,-0.40300142477360135
0.9261775475316414,-0.18959873550839745,0.2977246071200304,1.7392335144861362,-0.8978560185836149
1.9094166404701305,0.09713856694361556,0.45854537348936153,-0.5143453515537348,0.038878122148186645
-1.3985675738191412,0.518392764906784,-0.0048858354520225356,0.17176123774320798,-1.995064671030568
0.5629692366905709,-0.9823717590843509,0.21978464008668086,0.078385137783361,0.5504079023323639
-0.6506425691218269,0.22389384315847116,-1.9959066782457158,-0.25835250730482445,-0.15135958750117257
-0.48712538376469605,-0.908677847712554,-0.5445728373925482,-2.4655397469076923,0.17272339176125015
-0.5923939242388692,0.3553996788214281,2.2995627307159,0.1723135216081902,-1.2819591114046407
-0.863990769679816,0.5406294616033023,1.276241805018092,0.5862177661172104,0.40346781045908564
0.04852162794482699,-0.5163866524840238,-1.258477812678031,1.1173570950902352,1.1267373890441421
-0.8309501164110378,1.5114952206166408,-1.8398485138895269,-0.8748025930293887,0.8243533898299188
0.2704568257798388,-1.7233541956212315,1.25217016041026,0.32996589751202987,-1.8868354627292556
-0.05023810944913695,-0.0043396812338309665,-0.5636973353559602,0.0775428491372514,1.32178689883042
-0.23894804686640975,-0.7519889972172008,0.6278510424344006,0.9695550911891391,-0.5270778534713259
-0.9075636620415979,-2.0338002498795467,-0.6460217249970394,-1.4977979972246507,-0.15995222581111457
-0.5767713305683327,-0.7179752492718178,-1.2140387990025965,-0.04923532460708485,-1.3761562735841188
0.755391225825756,-0.5254874397811164,-0.3033771990890308,-0.6203249120382792,-0.9521991789821809
0.5009171876243808,2.0422236013201602,-0.3498821127677276,-1.13230052235804,-0.9136903116200557
-0.977555244798551,0.981453715891844,-0.9715712043397282,0.12679486081958663,-0.5617864963229656
0.09933230542922587,-1.7084754956881907,0.4112023836580424,1.5035572684203156,0.4497776279017962
0.751387123371789,1.9236251801346465,-1.9989107555439742,-1.7579017711232943,0.3050157483106233
-1.6694052811213718,1.7470046818856053,1.166823700604603,-0.8093621434332324,-1.8940267898473802
0.543360192379935,-0.5864859933163443,4.0841774805577495,-1.4494537860478425,0.42684329002365773
-0.6626237589458467,0.1538680358161226,-0.42658291552027927,1.1921075932655734,-0.663162911104333
0.5705986685931593,-1.4232758679855724,-0.07358761055035612,1.28258740069793,3.0287511139610004
-0.7632591565425169,0.027212291944158473,0.011376440300712054,-0.5650566668673597,2.2061980942998716
-1.804882100664519,0.5544672101244242,0.6674736337592397,-1.5963121486843594,0.6922477350660513
-1.6275424378831627,0.6211688354694458,0.4683503485512983,0.07721541210226157,-2.6649182694032896
0.048084946661381994,0.40396382175397516,0.3759703807510383,2.4215866406213986,0.8256326813152318
0.25972250172148187,-0.45518995912330673,1.7702627443415802,-1.494943444264777,1.8841625108002082
-0.9043166251044086,-0.9378116820839739,-1.3440579308891545,-0.2220156673765199,-1.7469365589500714
0.6385924587773739,-0.492135390661882,0.08264298628591205,0.8232515230869726,-0.009597193368687418
-1.6615200622689599,-1.32142464441869,-1.443743812843802,1.6094160334269052,1.6038127530810615
-0.06607979864731657,-0.8398963294034902,0.08637806176611551,-0.8285693666263694,1.7883644177457358
-1.2110161997624567,-0.19385844535179028,-1.8370906948685275,-1.6009288711458032,-1.5413292946431554
-0.6518361078021592,-1.313747841701962,-0.5341199758751745,1.109038325040701,-0.5382841833240224
0.047398671316414016,-2.050988342728307,-1.3152686950176244,1.32263686779359,0.24964311795659688
-0.8604133652839524,0.5467791764912063,-0.24522828436009203,-0.24128484275540552,1.2747926131991583
-0.38455554422982535,-1.134990195360678,1.206063633582941,-1.5257901654999488,-0.49637794168145866
1.0062928092144405,-1.4391057166711658,-2.0713364837119093,0.5974298655425015,-1.4394983841355848
-0.5768918695231487,-2.167857246831541,-0.7799854106046819,-1.3293917331377978,1.244186867474511
0.8356921120651418,-0.43133921371684036,-1.491620635400611,-0.41287457462764465,-2.1037071063261363
-1.129706854657618,2.357236075115343,-1.6472420783906994,0.20399600992162936,1.6148954145748173
0.5298041779152828,0.8704644162875373,1.2123086207528437,0.0911184456660713,-1.6578892613571927
1.4415686206579004,-0.08623333204557393,-0.2121626367093365,0.11471819385098225,-0.524772926722
-2.4716445001272893,0.4068859740987497,2.54254107369732,1.5527707202220644,0.4619864450225268
-0.7968952554704768,-1.2613768940140786,1.068873398607441,1.3042785698784112,1.8265307426129613
0.57707212718054,-1.5562121180176252,-2.7497992977994636,1.2366809475315175,0.9429471353310238
-0.2030453860429927,0.705742388845844,-1.5819486398208977,-0.011791928045406186,0.9319540550236717
0.37114587337130883,0.6239485081545955,1.5473761280064824,-2.211223340847198,0.4011165428912916
-0.6039851867158206,1.4867353352442239,2.339503411134325,0.7948475891498832,-2.000048150135439
0.08658978747289992,-0.5229437071810272,-0.7312718826044537,0.5915313655408936,2.0290593292548125
-0.15567723539207948,-0.14306089894593593,-2.3225917947443047,-1.4143475778339702,1.3125742066643171
1.1677820616598074,-0.9869566515310166,1.8254116621406842,-0.7392098524471102,-0.2586537112615417
0.2544208433012131,-0.009432910877994916,-0.1505673190122283,3.1988029467569166,-1.5575246053281053
0.3376026620752022,-0.04838430159067758,-0.5226745688174217,-2.1963916675699493,2.4796539329998306
-0.4118769661224674,0.6036873702688196,0.5867631883174604,-0.2441803118398375,-2.057579282776663
-0.48760622407249354,0.6252707499475223,-2.2326232552599072,0.8607329199245544,-1.2009456251613357
-0.4325581878196209,-1.1445033075310902,0.19244779173418194,-0.588864889367136,1.0487505198854106
0.39445214237829684,1.1898978374857871,-0.3907123481442079,0.15143228916218907,-1.0087376692735253
-0.42098448082026296,0.004992898622239006,1.389451601934837,-1.7988522949628345,0.7765496611799882
0.2897748568964129,-0.3160564309226202,-0.8930638602679292,1.1455367349598347,-2.5092733988645994
2.075400798645439,-0.5443692793203343,-0.19863639830402996,-1.1124916515364263,2.635470000809689
0.8711247034316923,-0.9714597012211346,-1.1106768086508305,-2.3641931935769516,-1.786325979821203
-0.32602353216784113,1.4938326887632343,0.3922741446573815,0.5870107132572981,-1.6720522176611252
1.2012139221639448,0.5086274245749446,0.11290743304810069,0.8238575673386547,1.2614678809939062
-0.4080753730215514,0.559522188396548,-0.25159418652310067,0.5449737566992904,0.08844562367081099
-2.038124535177854,-0.21866204389021404,-0.35569012394277166,0.28102524096894566,1.288447648792383
-1.008086310917404,-0.9107479569203981,0.4193826079720846,1.099898619657417,-1.0043634050252597
-1.8707919210258557,-2.2682062745287253,-0.2083602223568899,0.32649408679985226,2.332036594908494
-0.35151348404130867,-1.8386070220643935,-1.6711496004969977,0.5474490787424391,0.2753445344056401
0.0184183791895517,0.5482052407929111,-1.4423030923799252,-1.6464039234312668,-0.15845214497492832
1.6764373122752827,-1.2413965577365633,-1.2799428394494812,0.18348039500265845,-1.6163049111724481
0.32692737376416264,1.467064050759327,-0.9148494131182032,-0.026729837609235307,0.9557035853948461
-0.21910052880886424,-1.1277326429884913,1.1862586020205037,-0.5443067889623763,-0.6058391619378265
0.8294055811834892,0.3130596122673214,2.155004981664978,-0.3554384326760325,-1.1848031205926786
-2.211135309007885,0.5449424245309589,-1.0211673782831623,0.8106380540711526,-0.5058873437245641
0.23561455810856594,-3.1629265322110287,1.9854701253729636,-1.1465039851275196,-0.5284516695130459
0.7708651938869668,1.3296695451331675,-1.2479450853420722,0.319388050979979,0.9033407198397998
-1.4785862457798415,-0.1949859410771725,1.01615554448929,-2.2634316221162587,-0.31088415043074
1.143754043206929,-1.8452628090602698,1.8923870718226372,-0.26087185056355877,-0.9791285115126034
0.3384964074944141,1.001197027475793,-0.9941018056572246,2.823230449422865,0.0007726031969255698
-0.4152879139008013,1.385584834674805,1.232883922367904,0.3801194970074324,1.274050309056324
0.6327818661062848,-1.306523358708958,0.7412206865681814,2.7138801793341605,0.29814088839321656
2.270692857804396,0.5046271561223711,0.44572082889390807,-0.5107312945258499,2.9551069227780764
0.18186625505849516,2.01830150079365,1.5386173717039546,-0.14241492614423162,-0.5968463707069864
0.24822058630033608,0.8204119858040907,1.0646813202419312,-0.5266725296858026,1.0791810049356425
-0.4593608995402441,0.3501959656874605,-0.8544813251791734,0.33566810113780343,0.6001773690332217
-0.8498443694647918,-0.6885804687614931,0.04658352133817398,-1.013795917747017,1.187449335568572
0.8303358165442456,-1.422481279274074,-1.2821370686404663,1.3632762046830693,-1.2706935064706106
-0.8560838259088672,0.6673789546273466,-1.0297185250918295,-1.1156586461863942,0.010778515964968483
0.07156623721939247,-1.671397690121814,1.8202283569610862,0.22974753987506236,-1.50611452231191
-0.4776574467651167,-2.8712541174410324,-1.5498256479203572,1.5324259187611564,0.38003897256677033
0.47897982574639186,0.10219959142208618,-1.4569805688662734,1.182289185900102,1.7717274485412808
0.3336621052869483,1.2392207191086695,-0.034174703510096695,-2.923612685918543,-1.225740056040366
1.0375399442578992,-2.129368961840975,1.6117351894835368,1.2762232358093861,-2.347003350346585
-0.510016398854747,-0.2834527437294081,-3.211475183319008,2.1629011619267433,1.1790678139706934
-0.26987493529337125,0.2621427818068749,-0.43716468335263103,-2.8967795999069303,1.4527766732258431
-0.9787637157823074,1.868583015006339,0.18935016352648606,0.7472316400132848,-1.0261498409096657
-0.4442932600761116,-0.6643408933722073,2.0534079833420193,0.49052786297888573,1.0195653862614988
0.3773004930448522,-1.0390082232824125,-1.117702008927001,1.1544618378853018,1.7026141984640057
0.7569886166453519,0.08121390402655637,-2.5293447957059136,-1.470318558554462,0.7076089499580092
-0.9221653241776254,1.904768450799931,0.7735085458928701,-2.042549836716275,-0.2387773543366447
0.8696059201056602,-1.291479906048873,0.5441184215679417,2.383579685351041,0.0010265251544991916
1.355637858804951,-0.19046786257629145,-2.1120562093680855,0.7897607228246386,3.218557197553494
0.41343490322370086,0.46620297898143315,-0.45869754496967174,-0.4501364540304369,-0.46033301516902214
1.876795812558066,-0.6639241760021217,0.4552674894763523,-1.0315187584283092,-0.6137852407667306
-0.773789199103573,1.4364273847854416,-0.8126762815721633,-0.4578850567366679,-1.1703797121924437
-1.244654703311417,1.0830260190970595,-0.9243136209389284,0.5577370438204404,0.12294648968699323
-1.7787202489042786,-0.5481790192019629,1.20644244670459,-1.2883734444914712,1.1325431900708853
1.496044311489183,-1.4974576763592826,0.6273891206843156,0.3922710165056823,-1.8695914296189133
0.6543656563540577,0.7554197491268839,-0.630822921511419,0.12052935358536944,0.38165532712148353
-0.05558467091045507,-1.1051348492488167,-0.31116250241461973,-0.5901938696723,-1.923503849287841
0.2799686263198203,0.8442005075098404,-0.5577492616657089,-0.07693236124393898,0.9697899100640499
-1.1254890472983765,0.11814084141107214,0.3989035372523257,-0.1588203783450055,-0.5739201296718448
2.4457519796168263,-0.9683222466994892,0.7418553981633924,1.1056773229716939,-0.07119236283150743
0.1292211819752275,4.905133953576639,-0.15346734882117663,1.0668219571480086,0.5748921443892938
0.10939479460489289,0.3892077357483455,2.452118771894872,-1.3376874222061441,1.999485140731822
0.725766623898692,-0.6752146938717594,0.31536577888030143,2.1682325969021434,-3.9076563791622942
0.4810092317367132,0.08167904052354108,0.1524914960608293,1.437671494153562,1.7179757351958058
0.22388402427913137,1.485152171412454,1.7143918295781446,0.7530793778366762,1.0443184378251518
-0.7904744554453119,0.2699892275331564,1.591385395051964,-0.6625990074927437,0.1488271146776582
0.4714683571359957,-1.9916100971290849,0.9912165084258365,1.4335797097967236,1.1961473396414375
1.8820244964750337,1.2492567845704006,-1.1491207572687752,-1.5007418777445287,0.2595343089816078
1.3454200461549777,0.6492730619935296,2.176528044629503,-1.010196429985866,-0.4287973249599619
1.593186626639397,2.81509180852603,1.2990066758987724,3.1431552699688985,-0.4519043552826092
-0.5112156764311852,2.1952787043622264,0.9500840079359378,-0.23350812831141832,3.7760434685106348
-0.9896048202585809,-0.8051728691605808,2.978965310298123,0.390238100240602,-0.8539955874266401
-0.12578692009964815,0.5882929875541063,0.14195213502938164,2.6141995170007766,-0.4207784189312773
0.055724912288694604,-0.020195333542350397,-0.4457789734290034,-1.7275725219460676,3.1874295210780197
1.0941915184709485,0.8917811137243057,-0.527326710200313,-0.6345787229904085,-0.9567367092267438
-1.6924646297148194,1.2506668802241387,0.759183575689523,0.37945185343892235,-2.0526003250690854
1.5295503194606137,-2.031081895791247,1.4167756909209386,-0.06307808329630216,-0.23574353171213247
-0.15800789857898942,0.4271353913049676,-1.325988071178863,0.7059403532246454,0.33592018721101924
-0.42688106994742003,0.9193552885758687,0.9837414649335527,-0.3955340868938847,1.4025165041263055
-1.0121043752601675,-0.6335920810697349,2.1122326492906183,0.9431832869014727,-0.9956579227080629
-1.6548566718657693,-1.112121525924114,0.6266827907157922,1.3875180425844098,-2.159709360295763
0.8231705839619146,-2.113522249655391,-0.6690564842750828,-0.2785267873046423,1.6332376198045613
0.07331796718840389,0.9998184743668012,-0.611907545619943,-0.23119793621831197,-1.4431421197876897
-1.2899608997410539,2.1138474962750275,-0.28566349115556466,-1.002552373244351,-2.202297147097061
-1.295078772063616,-1.9705055440730104,1.476846188240844,0.6434857557735991,-3.6343678235796215
-0.3357846992901282,-0.8823356837717732,0.43706530777428876,0.7279606990608676,1.3287694648166206
1.669021525289393,1.1771712659123394,-1.0477373688973453,-0.5988945144917286,0.7109860096536607
-0.2595913513636048,1.0886736764568599,-0.35978370544995353,-1.6737534452424838,-0.7047719923056346
-1.5031429531181062,0.27065785029521056,0.3929544072221871,0.1742302875874845,0.05002160676877443
-0.24574306408594432,-2.114593595329554,-1.0321815176038645,-0.327216997802912,0.7767089130930601
-0.2727235697476705,0.25628695234748755,-2.2930015917279123,-1.445721702114976,1.3545264444795868
-2.6968866429415717,-0.37805076382791813,-0.3160875416420685,-1.2929175674346427,-2.549312833858977
-0.05429486651781221,-0.902090654379237,-1.6764094720169023,0.16319084490507918,-1.0688846779016776
-0.23093453020867796,1.1493796450022826,-1.244492986122487,-0.001105283006563873,-1.4861606990239509
0.6962063648134184,2.4279094708725393,1.4606785363324448,-1.199549960337865,-0.23026655826071832
1.8489560949453452,1.0669776285829684,0.23691819622674581,1.3371381548704184,-1.2082558220369695
1.1265650295477574,1.620065583043908,2.2616346473772784,1.3739376920261233,1.6963241611594055
-0.26888869055483056,0.9829798222607661,1.8755117085331523,1.6695209553573969,1.144714034762797
-1.1065259087416703,-0.5413883761990697,1.8600400056187676,0.4105706755242913,1.9590239025658331
2.5733598032498604,-0.43608429265747806,-1.0091953491181211,1.1882734311969259,1.0318966735583273
0.05921843401448826,1.5059504521358726,0.3045253081153756,-0.20195435645230797,3.105547422340683
0.013929291912946203,0.20991388007975606,0.43304926664758137,-0.0018366976431512354,-0.47686014044797076
-0.024125087110003277,1.327348039947022,1.0129699710807332,-1.4614728160712902,-0.9424920587809
0.19808476076785494,-1.0234301262566434,0.8396921473409262,0.6286517764297002,-0.9230946375406235
-0.14436041192394247,1.278537893666544,0.034298630723460954,2.946612310317719,-0.29935860599578334
-0.5736620068802363,1.2160627789931056,-0.4769002305612232,-0.6533488543445913,3.8392506166907117
-0.5468589412403921,-0.5196319318072441,-0.33034657635723463,-0.5352758219798472,-0.8058971224209056
-0.03275327021599839,-2.504656157876869,0.1653136502856919,0.606028762866436,-0.9937970254578682
-0.543424771133765,-0.6307492762456314,-2.364733765534753,0.22261409103867524,0.01350728914203092
-0.7128457826771644,0.9165972067674738,0.13800567291150784,-0.5045551881605477,0.8965086963025811
0.10643022769189683,-0.5218601101728971,-1.0718666344166383,-1.391890669617974,-0.5613911337599234
-0.2549772174208553,-0.924801072910583,0.37339042277707024,0.5776127608385793,-1.7551793558247617
1.5039929885826886,-0.683258973422816,-1.6629947829162315,0.5832201973104224,2.1274421262943943
-2.650969808393012,1.893415118512435,0.1341772857418586,-1.0847847719802137,-0.3895936828134121
1.0915068519224618,-1.3089452976737288,2.023536389477025,0.18738054019158862,-0.8322617435511775
1.246085192497629,0.5251226971760288,-2.146535409784343,2.4068965729428977,0.8022105837635013
-2.0733902324081495,0.5054352229336527,1.1720399712494798,-0.37898237318740546,0.29418214793724506
-0.34268759408034877,-1.8431313117295263,0.8869854325496711,-0.5166665144211281,0.17707460285600052
-0.37144086599579146,-1.1622915003547467,-2.082424581779946,1.3265829266554487,-1.4684408870173518
-1.4075116947178212,1.3553670832723879,-1.692506712477686,-1.4505978312633547,1.8840491221583615
-0.7778166875908753,-1.3075786555138147,-1.3963744098351225,-0.9528160370819831,-2.12312927692966
-1.1105758454658288,0.6726868395118838,-0.7263927888725601,-0.07874264795063815,-0.06948379781672609
1.7522704434236227,0.7439129600963712,-1.4618043578833757,-0.8330737010014284,1.0428389479342022
0.9356783931474612,2.224900208544496,0.13412792584974517,0.8087918058072797,0.19497756483166218
1.2715550949941588,0.22335456248517432,1.3746830212170857,0.19310709851959743,0.8983500928839262
0.7216720640432351,1.2938186568325205,1.071523574625021,0.09779714266701456,-0.07681526411402148
-1.1290517712172292,0.48097483843934835,0.7263303574246436,0.10208594262583187,-0.49818186220123223
-0.5245202662797737,-1.6940381005821885,0.12754125208555334,0.8573724568300891,1.5527034449177695
0.48937456122791806,-0.04280490467423853,-0.4538638773679674,1.4245237366630763,-0.01359725470357187
-1.2221278088919454,-0.8364775983002599,0.15629949686306616,-0.08666229617300991,0.10255291576046499
0.7129984301723881,0.332189922237202,0.044729526401023734,-0.8008569514040891,0.5960390980944221
-0.24032539815813503,0.03448160382227855,0.26872420825954363,2.252138447749223,-1.4368223643097666
-0.3748208075495975,0.032931877162144796,-1.30443179224425,0.4719219709529577,0.8516472607332514
0.7109599682034915,0.020913306261423903,0.7011569991206139,0.7639625022479982,-1.0660666854073988
0.44426331148603976,0.2387670040383667,0.510479204879435,0.13862792921965983,0.12826016233788096
-0.3609661658190799,0.8976781195155026,-0.6840116360962665,0.7438249185356506,0.028187319479234668
1.159329803364248,-0.7275799726958804,0.338037579529362,0.6374939512914081,0.8381516624892192
-1.0810633275998973,1.682828159812218,-0.5113871237212954,1.6227131794206515,1.4613014053326099
0.6159356069442637,-2.1027240095666766,1.0547162365136507,0.6345394640809428,1.825068467202315
0.5931012579683838,0.5575345044073965,-1.0418210364947729,1.7989319426221035,0.31675935171157443
-0.3095464393139903,2.3540998796361534,1.8949147161181608,-1.3626323486620207,1.240949877717963
0.326133022242118,-1.2170138321253678,2.436747044881421,0.35348019581342194,-0.5799484100144331
-1.251113576385303,-0.44945185495536893,-2.0135900412882872,2.013536292167612,1.5553543195793071
0.924027019206901,-0.361871653810797,0.49518396950099963,-0.23741209381185602,1.73714323321729
-0.18490213644298903,0.8264006953844286,0.7726634197144202,-0.15948266946281786,-0.6590605292598938
-0.5227230205190395,0.2211986037634669,1.0772169741434872,1.2656758374569155,-1.1204521366557998
1.0490092258368893,0.12328101578433587,1.1461090861348038,2.1314237437589028,-0.43266459444669314
-0.7043436905427592,1.3690279266475924,1.9170940474372213,-0.3915177034904581,2.3714086670506456
-1.4084612963635597,0.6166592585762918,2.0229262771818446,-0.03309878008609057,0.2647643608471906
-1.5566291735239037,-0.5761042505259792,0.34633511776704695,1.079503829961679,0.5508845010377891
0.6060099513456396,-1.330898076085275,0.33449795991269604,0.6311444928689027,0.7349436176172874
-1.280429352496283,1.096780667144679,-0.9875499570029174,-0.5635991049597663,1.911850340186873
1.7547941819843647,1.0035813881478175,0.7540963622609869,0.5579132732403949,-0.9349977785526308
-2.081929407883722,1.0957221810064817,-0.2337523473887087,1.0547396065662498,1.4015998557995215
1.6964563682900382,-2.4318798901892467,2.6377127039306583,0.24702052572960123,0.8050487902634569
0.2110174672026184,2.2946001270899994,-2.6589474334017416,-0.0521077879943197,-0.41073434409565657
-0.09671311187039239,0.02733106308823463,3.188604698710127,-3.1089587568449777,0.5508440769223056
-0.5449190868089497,-2.240368724323311,0.5768348954452742,2.244831167892857,-2.0775308867919886
0.39913611435207086,0.4659783163841568,-2.5485044705247146,-1.8936623490502562,2.152837693581212
-0.037634702424848364,-0.25593290590747314,0.43716272514081506,-0.6788749958628073,-1.4336514571840062
1.1033018820165215,-0.11687757400155463,-2.1082521262997393,0.15650474059925276,-0.5809930784070768
0.11422764866203965,1.1042916479805795,0.5557788191028039,2.3230122473025956,2.5135757853498406
0.1503017614618776,0.27045903384249415,1.7683678715842372,2.4951645060567658,3.0426664430382493
-0.36361221221385587,0.8146630501623537,-0.4228581441321946,0.857185573780352,2.718958499830925
-0.056945623721067457,-0.6900149191195424,0.5759697494753224,-0.19434255003144457,0.7975476172276699
0.3078017688920592,0.47324386157133547,1.5000663105263583,1.4703683288408649,0.8516831605715135
-1.7101683926566256,-0.044085439359475787,-0.2862084605925892,2.0961946583927187,1.694289439464144
-1.348185422105713,-0.4583073939721348,-0.9886097760687206,-1.6105392832016519,1.7031604794882107
0.743264094022715,-0.32836231146094563,0.7394591876795438,-2.195045007590018,-1.5919957518272365
0.17086543812794186,-0.41515383622869484,1.393950408168608,-0.4637433486742043,-1.8369533437347025
-0.18398333635267913,1.2055879228645916,0.01909798194031439,1.041809053003024,-3.541420414817419
0.01843393306539316,-0.6647517805609234,1.6655166282790346,0.3799666324151144,1.044048081700061
0.34758170536167105,0.8209615514269203,0.9539050243446157,2.097654483154842,-0.18450277417826816
-0.5397596803093615,0.6105945071545104,-0.3264732769053059,-1.017561052795739,3.2707935848067575
-0.7783047254023127,1.4603519005785695,-0.07573407018211181,-2.200444708302923,-0.794704771424837
0.19584525509768155,-0.768279290153471,1.7991225593512112,1.010898919375654,-2.9493191861773003
-0.978372777615032,-0.2122251175498204,1.06738321601108,0.32955832094882087,0.7588389813724055
0.40825275571447184,-0.704280550218255,0.515521877928749,-1.822018365030247,-0.7824744283034475
-1.7025836042378404,-0.017402853834145193,-1.5254664618956912,0.2876049618659351,-0.9842072763117313
1.0291556373256436,-0.39186662102443803,2.1008355114967103,-0.028295061605075666,0.5210313338322334
0.472597482413043,-0.8959016623086374,-1.2376792895955355,0.7130562163271633,0.9352035818242072
0.25602973431387566,-0.722864181457224,-0.4743419211280774,-1.070480088328035,-0.2204368186328347
0.9826909839455139,-0.8885821075594802,0.12268498848492237,-0.6178694992897287,-0.8223759744342812
1.6654744444625766,1.6381912807354353,1.1866782872291968,-0.5383680214439811,-1.8593173948584183
1.0143700650181304,2.8764454837057287,1.9678789121035956,-1.1399504293163325,0.27080036476952957
-1.8408742313316453,0.6056098269752198,2.3527305755535477,0.5639282720716369,-0.39308916301294405
-1.2795769667357015,-1.4574336851221623,1.0704044631111551,2.325305780346952,0.9469476386848803
-0.6248185776956788,-0.8256517136018096,-1.2374644433171087,0.9315232747135281,1.861863655634503
0.026091050210833786,0.7245052982212152,-0.23855943230310894,-0.764156076896672,1.1599915105596135
0.517659020469123,-0.9090893990429905,-2.3547530018923992,-1.3382677688551659,0.9930142467912586
-0.7257438131534656,0.6007302970631712,-0.7433248435280435,-0.9060527734262622,-1.3557084721261465
0.18676676447707832,0.4671769605750039,0.6969847895891035,-2.7471218035669693,-0.5861970350309254
-0.7553829323533225,0.6318309050738,-1.1351487472780448,0.6374896688399825,-3.2838237420349854
-0.6115178029919482,-0.33918643604858234,0.7582687996915836,1.1149512970748505,-0.3582692265263463
-1.4066610968482223,0.5729836304727773,-0.6006793187164094,-0.9812753406433322,0.9897743307531879
-0.9232332461109043,-3.6878950607929926,1.8585121726542941,-0.9279553316188938,0.31891327418724136
-1.3516846056163336,0.03161204725327471,-0.6929261342361068,1.2444067369136804,-0.9986450895466874
-0.9758732529773327,-1.6002549070588574,-0.7269695193247967,-0.13069633750485687,0.7596088602188205
1.0536417966078395,-2.51374417394059,-1.356470546781024,-0.7295288098540857,-0.5114423145082602
-0.949398888831943,1.2487518571504683,-1.6235816284718874,-1.7149150200959633,-1.1183797187275917
2.632382064837391,0.7090793229805976,0.48880899139796335,-3.372479045987015,-1.076960560367949
0.4933179008808892,1.7052189307584815,0.26474497886884263,0.6735872830124322,-4.195240881968257
0.1848361236948739,1.2981970778195613,0.8840420159428679,2.3606978285854603,1.8198094030766732
-0.8583577801812136,1.7416635445750572,-0.3335214257634789,1.1425409475693675,1.223135964738908
0.7003098794089914,0.7140640074571979,1.5489938332962594,0.23377157385676348,1.6359362434936355
-0.5756378262377739,2.130181444957687,0.7290542538960457,1.4641789074580065,-1.082981338308465
0.12200981464536144,0.33918101270545054,0.47086792664154853,0.4947488998469756,1.8401832565126235
2.5600845382687947,0.1608405091533458,0.8922545892439927,0.014387231883795648,1.067743727692078
-0.09605989972464987,0.19009336489098771,-0.51455453019505,1.2819360551869377,0.39571185751293303
1.1492733262856758,-0.3133044179372035,1.1162372819641133,0.06819186377973813,0.031120322349757923
-0.7031764251258874,-0.03875526691621867,0.6348738337264593,0.521136174186599,0.3041016806218675
-0.0349884904969617,1.6787192199096925,0.2917917997238804,-0.8154078191688272,-0.7661472453851098
1.77080063563551,-0.2003777557802098,1.0831475945582145,1.4085980717494457,-0.9050895104312472
-0.6269670577877674,1.3627652517293427,-0.6271150689267652,1.6015775491293036,2.1562915583548827
1.8124485579969287,0.11260843558903039,1.0161562331272271,-0.8638801916720711,2.077963966374185
0.7077519354554754,1.3123164369703038,-0.3376453304221554,1.8171169224516308,-0.6759212107972238
-0.5624667758942676,2.190477395249586,0.4533144393439914,-0.5988464398773602,0.4788869620384628
0.632407739055521,-1.0163761048604392,1.1307901151456536,-0.2069827856823493,0.16651056027230526
0.9725544496267299,0.6372928725761073,-2.2255463840622465,0.3497561471528503,-0.14620499084785424
0.6218099622171964,-0.06168247095933732,0.01721501086260524,-2.9661999381711217,-2.040510680508143
-1.5702247198904564,-0.8847555376686683,-0.023950393961320537,0.66961624653608,-1.5903301242203793
-0.7271371758248686,-1.7109263948286046,-0.5120145326645553,-1.8592297772106796,0.5114601633591719
-0.24751863555150475,-0.54603282012582,-1.568028059252218,-1.6986763056321852,-0.28493257378547154
-0.07443342910004629,-0.6025652694033132,-0.5529217626704995,-3.216077151228002,-2.4542115633485526
0.620672097550678,-0.7445243802438883,0.10390329271895588,-0.47104824389683886,-5.749565534178402
0.17770100093325383,-0.9718469953863593,0.4799248552805645,-0.2895287240052837,-0.09775473677228591
-1.3353443587101013,0.04128512802458291,-0.9494870952762433,-0.35808358514730476,0.0599406974777458
0.3801978510059632,-2.439461425128073,-1.129247991096877,-1.7139266313969814,-1.977138495724296
0.6105857452838231,1.0261944593937768,-2.66237843242017,-1.611547411468016,-2.3496408509841915
0.5597904479310398,0.5098497746331795,0.13995366380375018,-1.3324199369599157,1.4659798145454888
1.0807807255546218,-1.0656981859132026,0.08617929308522759,-0.1867121283688546,-1.371546563721736
0.8339221545489041,0.44733743083837174,-1.1349080247747467,0.5037849711601896,0.5815892736811324
0.4591800792284367,-0.1684108974063504,-0.748213731164322,-1.658921351808082,-0.24763185044023195
-0.07016571145864703,0.6406005658790861,-0.2901496298126922,0.015978479556865016,-3.4174399802996227
-1.6609609335159914,1.2913344480020916,0.6394809268220454,1.1366949161690818,-0.1574754631504135
0.42961821913258585,-3.0378451231069388,1.2196469763990163,1.0341383408853273,0.6437513726491604
0.20768768716311115,0.4157588325402273,-2.5746338947165883,0.4628453067437537,0.4274324340398904
0.27157883719537346,-0.014751414552462594,-0.07623294013354465,-1.6840081244627896,0.25563540988861055
-1.2767485758203094,0.8614452624872271,-0.8717677099746087,-0.1464307008215627,-1.0829382279245952
-1.0810565404082624,-0.6805273748365274,0.4807571120274492,-0.3452523236608541,-0.26726151191105674
1.0531528533329035,-1.5087089100246027,-1.5717168943551711,0.12512537140864421,-1.540208026876047
-0.03955515385665504,0.41815306166641425,-0.5055436038935799,-0.9971801760784179,0.5862850886888542
0.6815006973726244,-0.8237144645031476,-1.2608441051010328,-0.44273676149063756,-2.7471158961851576
0.028318376130461172,1.5530576267594354,-0.7833534508610327,-1.3722504231224395,-2.4045468664767102
0.02975613949574519,0.041134511963265036,1.2820863617832472,-1.5763345466853358,-0.3586198437963837
0.9382838059759977,1.922019983400029,0.21289728514327522,-0.4097907210900815,-0.7540473652129119
-0.5160447282173739,0.5961378503685776,3.6629704975292348,-1.5027718368574203,-0.38522794194610127
0.09612077694098337,-1.0696380766626246,0.9293540915449956,0.8245115018112232,-2.5976659742410084
-0.4622752887050425,-1.4464298487541387,-1.6936870536385347,0.7100454985327007,-0.04830173922509673
-0.4344962274323156,-2.126732378349475,-0.7898429383838474,-1.8911537599460853,0.3052896511396566
-0.30917212346863937,-1.8882833022081107,-2.978295109252702,-0.2362516657486844,-3.1088169765309814
0.22213377163371284,0.05070616458343588,-1.155090268630511,-1.7946240084533613,-0.9280299906221805
-0.4787486216634773,0.6642186633735329,-0.9004546117496326,-2.997025311552691,-0.7833688685860094
1.2557561255735208,-1.9163147371965676,1.314139738737042,0.3100055888968675,-0.9703148849529366
-0.8946073022195039,1.7740676019775798,-1.6513222296928618,1.5357201400985865,-0.1714302815410566
-0.18687164416135904,-1.1092861632370923,1.1469947228655997,-2.2292859878709685,1.9850644663949675
-0.4397310582741749,0.015982861072598054,-1.4585831136888008,1.4112097126345056,-3.697488860884242
1.4469778843537329,1.3044088874635018,1.6907812891412226,-1.772717331855847,1.788419011221216
0.19655477651157463,1.909723834913145,0.19904236013158672,0.7787777507266038,-2.2221222802121585
1.0318445394686349,-0.13094230434773008,3.221512326241894,-0.7935587966632804,0.9303678172892531
-1.485560373036972,-0.16890104778724302,0.8076470428978739,0.06841562843612436,-0.8825994555703337
0.26705026586925884,-3.191707662455185,0.7071695652823551,-0.09904106375813809,1.3751465125327336
0.889630795623437,-0.532218133133939,-1.6727887958211642,0.10846856550193297,-0.9536684993464286
0.08228398927542419,0.41161131810871143,0.2078033114100597,-2.024307510679625,0.7143811499633774
1.0654803750653512,-0.9295807346583871,-1.4549776816042232,-1.2605746735987173,-1.8989534718402337
-0.5172884501003722,0.614579295453441,-0.7189885646973229,-0.858406739340213,-1.1667652168886378
1.40934744018558,-0.2852500321114923,1.4720917314306474,-0.2971748936957114,-0.8705792846313801
2.2988981236192503,0.7616872263218273,-0.3467087345599633,0.7283174510857543,-1.0834130194506821
-0.36283856043965906,0.9592261057100153,-0.6015420015869875,-0.041757472858219624,0.5685549949619318
-0.4455025214007718,-0.08533232034103366,1.1168780393633133,-0.6822258331924798,-0.09605420040839721
1.453384477117701,0.1300888845888688,1.5525877879530767,1.9062369621744895,-0.3045404181472545
1.5795721457307124,-0.07302994346045555,1.1782854014089224,-0.5807379174758599,1.6094947154324541
-0.5228600271532683,2.5166328817577686,0.33749636203905076,0.9979011230269481,0.3334042156315483
-0.42018681709585726,-0.4645901512915495,2.6836373616561846,1.2949806547374452,1.721829514468927
-0.2817846088605072,-0.2752811490222524,-0.755660104159807,2.3093529019387,-0.014638798037845069
-1.344450511034277,0.5109651970542021,-1.9675682064666022,-0.6441653141162178,2.716254822141731
-0.9186519464841982,-0.7078992264604922,-0.7535187722606055,-1.3979086739562958,-1.7016686784028288
-1.0041407667520679,0.3100802713743064,0.8056040019676687,0.8879697012582743,-0.5304710510273017
-0.7677975651041284,-0.4157743715246232,-0.3945485300874105,-1.3131030924127531,1.3301145457094883
-0.03468488738678118,-1.1498956702133278,-0.75251339516295,-1.034919591002316,-2.9617993655927064
0.23421473253652075,0.3372241040353548,-1.105125300912783,-0.8232954350142884,-0.7349564262724431
1.5505004928140769,-0.9797758945450973,2.06234317537465,0.4506349360828865,-1.1271324613717466
-0.998354040738791,1.193910050746377,1.2063353878504708,1.3058721374013627,-0.39825730906906576
0.9843223984765838,-0.7320778191616144,3.2808854066655453,-0.7794443717335862,2.395550040620096
-0.21398884422550896,0.48090882166106885,-0.8245903322024957,1.3602194725052277,-1.277234638024288
-0.04946370965243295,-0.278329702396787,0.8313756191206045,-1.163782622725777,0.2817986488861324
0.6748194921666038,-1.9164736422543422,-1.7200040538868373,-0.23296609808697266,-0.8553311581755282
-1.1227220215622986,-0.07635126322433888,0.5038584920953734,0.20738902628300804,0.49921686782883823
0.3824097461840506,-0.6930605139524944,-1.0035093352301234,-1.7451418251016588,0.024262635016279538
0.1664522082130561,0.42754321432623577,-0.4665712996823076,1.1844717426750224,-0.22974291441207506
0.4924512640081491,-0.9111585951768189,-0.768807996614511,0.4336830161259514,1.4785530561041085
0.2891686439078181,1.610423725670405,-0.9945104618631886,0.9116014362557643,-1.8312649068306692
2.4553001399108942,-0.6637567974790282,0.11568481098794692,-1.1340912753235792,0.19981418549760321
-0.637739984251316,2.6881672984643625,-0.8530030662429865,0.3794603230171909,-1.4691151196105625
-0.5309969550018176,-0.01922362710423625,1.5415509880564708,-1.973480080265615,0.782929211843175
-0.6231405264247644,-1.0179251783450753,-0.74920260375259,0.8984081776950942,-4.203601120586604
-0.5554771191602547,1.339112524112177,0.1650722361072242,0.18820671801084404,3.2677362508737975
-0.6373871273065177,-1.5824708151686582,-0.6222486889338609,1.0567144027207633,0.6815914693028853
1.1890165311075518,0.47298318449543914,-0.7373371163185387,-0.954322535142343,0.9942483260943018
1.4205042479898549,1.8328938898182645,1.2632346063613227,-1.1351820280632787,0.41810968830527184
-0.5707462937494763,0.32373276451625344,0.7599555397280017,0.49588957766063857,1.4355084303620018
-0.8323555731042287,0.9929428944396954,-0.12990123409251864,-0.5419388193558051,1.267458306716914
0.4714155563864041,-0.8326954157719129,0.09472293391475398,0.6365085774762689,0.5152620409869759
-0.5522230442809712,0.6186845187503398,0.5136708285434851,-0.38821828984479884,0.6398968864453976
0.6329318177555108,-0.12623429222545912,0.6448745572444489,-0.23973064449120374,-0.4521003852427874
0.2029230208512997,0.30874353095830975,-0.7599983540046195,-0.008394193388996163,-0.6675799595978642
-1.515744114997232,0.9528543877556919,0.8281279619938477,-1.1312081349891598,-0.832827346425739
1.5475052013300616,-0.26753215994584933,-0.5649880497031875,0.41682925860447734,-1.5919806076908252
1.7958776730955217,-0.6652783323071376,0.09287019597085377,-0.15574848212258985,-1.0170925574594012
-0.6127886904843862,2.561454614045018,0.5402197019472172,-0.41496945187407885,-0.2004702363830952
-0.38770155993598415,-2.0914440713747444,1.5116821378122816,-0.7119572405935972,-2.01664313872565
0.28586539072490497,0.7611551123864684,-2.068144441279919,1.6926339101213732,-0.37864926833116713
0.334456789987025,1.3268109103350167,-0.6224138340710184,0.19892627056789403,1.3177765200547569
0.6585442726728304,-0.8568466772242808,1.28398240873089,0.11926823292666053,0.306076314841003
2.0102045387663496,0.050166702916396466,0.900894200873029,1.90775445150399,-0.426716983678664
-0.1769472274940494,0.3014385086505089,-0.4146611137687474,-1.2869182479715353,4.603063931383696
-0.7982972445384537,-0.3387840895345699,1.2121673195066436,0.006947004661189443,0.33058130180308454
-1.3793192280145272,-0.8668423553626587,-2.3095032316175685,-0.5220698385732565,-1.2389848963557712
-0.7309300399419191,-0.1858629273408291,-1.2575280817000651,-2.5023614470393,-0.184787783431707
-0.033126972873797095,0.798657718160265,-0.5377861649456747,-1.50243534674786,-2.6098953005687635
1.7945578635177877,1.372494929778298,-0.7296335698842769,0.9210259902330542,-2.216428004105702
-0.5176112990361714,0.6940224778841492,-0.2601970017625861,0.8977597161640143,-0.6032512789374915
0.2237879516388985,-0.5715497830698477,0.21759904152852472,0.5506744002828546,1.1504244636904655
-0.016422896072752075,-1.5267866260737213,-0.14886555291940212,-1.2374541999132762,-0.24084071484329017
1.188393273448084,-0.8173660937471152,-0.8835859459515658,-0.42729180747665196,-0.02213733590541689
2.5269324258736217,1.7967269245111164,-2.6518411490203553,-0.5097703573010072,0.6519487685491174
-0.5308687729203206,3.384435521659767,-0.8658187083450828,-1.130410058153679,0.9660980993706437
-0.48943944251822213,-1.6059570129241465,1.8434323107347945,-1.651102989465444,-1.7567148125970466
1.044160877069072,-0.9350718689156496,-0.5045525522846174,0.862385732771976,-0.8455167808803451
0.6818914896263114,0.7045068569894234,-3.3618726099385263,-0.7476858889398075,1.3223628028598817
1.8467073257360336,0.7574852015580247,0.16577151546380264,-1.0889796951329156,-1.0723268862558109
0.5839281853259639,0.4830916080935773,0.05706219114948463,-1.9184671578175982,-1.6429557134992074
-0.35929209078705954,0.8328107741922643,2.1838957799760466,0.08794646144734283,0.07474693952189426
0.5906548306923093,-0.7253438106218577,0.20656203098105763,1.1615345642974444,0.29785304488992803
1.1087035805829077,0.3990061106063374,-0.08747054780611824,1.1820800331663155,1.5651954021496937
0.820482181197364,1.322376754411735,0.5179566445983247,0.4402662219284321,0.12358801470512504
0.5072740311072977,0.5807597966490926,-1.1367670284264608,0.9094558098300363,-0.8670714889794481
1.066674689589154,-0.08129406875146022,1.304731769315493,-0.857934291748998,0.15811487337191865
1.1692955904456728,0.6370624787865768,0.3269316804127471,-1.2118814904023827,-0.8103688207891955
1.3821589910375272,0.7301439541066356,1.146802285944624,-0.28666830552174016,-2.033725199139255
0.6487098875896427,0.5975002638441413,4.642098360623346,1.651471483222383,-0.23917945306777516
-0.16711808031685435,0.19530085864564745,-1.3707151102652597,3.4693370580057605,-0.3673280014905935
0.14671368643332283,1.4816645142829188,2.016960045360825,0.34151313734492383,1.6554222239347365
1.2065089665083568,0.6636190284445647,0.4032493136460475,1.2947150985397586,0.9441217581528142
-0.8169356709872361,0.5490759585266893,0.6631525245552885,0.98543872812926,1.6395625991097011
0.3686733088729012,0.12509943481967045,0.5909784239146094,-0.09177202840529575,0.3964742171165417
-0.3933388123273607,-0.07574817354497915,-0.606767317284379,0.27105386357023054,-1.0911819318011897
0.028744822934817487,0.8977874689574888,-0.497105022349378,1.4638924293584805,-0.8105604606698265
1.2784518626072987,0.38976356825246616,0.6604008263535454,-1.1641244667951214,0.7978456975454704
0.19109906801990334,0.7876141598208801,-1.3136684656650008,2.1482753619385164,-0.28678108179080575
0.04643654815614881,0.5814862734242099,1.5279218062143953,-0.7305664702823189,2.6468659808951376
-1.3598561409799192,-1.538370568359195,-0.06812154776717799,2.1728850795271004,-1.0809849117078243
0.7462535660272207,-2.078666767595749,-1.8853236587731108,-1.2596177465771465,0.5848156376368965
0.6454841811410754,-0.6715475101800009,-1.897303084087664,-0.6297364328523538,-0.7398505593953839
2.16325472330546,0.5947820215624595,1.1452515315807386,-2.119291399861412,-1.3273241169077326
-0.30777823495300083,3.246793305798914,-0.04429882189267076,-1.1586308323458923,-2.2136857587503322
0.21915032766393897,2.015855381725532,2.6308266881007154,0.37924912012261525,0.3983714245603237
0.24938368371075526,0.7914563308055145,0.18463794466139238,3.0358404555759293,1.1305147246638603
1.5774532797634744,0.6754130535419856,1.2193951136255585,-0.16632964621127988,2.586646676712195
-0.0952955323869521,-0.6968404383183069,1.0980293706744235,-0.7738210157665235,-1.4049827180817467
0.27902152577033923,-0.6093806724048882,1.9734245980663003,0.5499908999974099,-0.40766024514255994
0.6078965097165392,-0.5924686838690014,-0.5088429414177453,0.492882378953847,1.5026500107854543
0.1866091231563581,-0.19532004144953863,0.45612692055450765,0.16196824926593412,0.018672237397542035
-0.44643361455052827,-0.037517432375338944,0.18277647172913697,0.9543047344255908,1.4806886893994624
0.19408999289830758,-0.7845941078824972,1.3330958026222524,-0.04490060501570089,2.0561890770586797
1.073631749859772,-1.8434368153469725,-1.2450595259151374,2.3774864061305623,1.6278123481309128
-1.0265152994110602,1.4994524810193743,-0.11848609692671286,-0.5091672981955123,2.2072322514358027
0.132969674146876,-1.7913037353275487,0.8771184693509371,-0.9468519893816765,0.18005786124960238
-0.7001208149391732,0.3323256360139627,-1.2677946345955902,-0.8108842270566408,0.6567056968257488
1.1950466289248425,1.5839980992925522,0.297806204699417,-1.3071684947526683,-0.201313444576337
-1.5231869047837747,-0.08285195133903367,0.8342032015912015,-0.11756677272718064,-1.5469689035923473
-0.5589218472715883,-3.596518356094972,0.2008589698859777,1.7691855067057167,-0.5425962547096059
0.37721187506452086,-0.6772495149702227,-2.040502066312092,0.5179716266195351,1.6539033591383128
1.5655240292343404,1.3650079475437358,1.0718167458955965,-3.0745254549859453,-0.8761841206505906
-0.0657502610729878,3.0542142746846324,1.7811172219064426,0.3978062302782093,-2.6028792793529494
-0.5551995266931984,-1.2755747772035082,2.8659189386095147,1.7934804447547514,1.4147921024528212
1.8811570694405901,0.10805955455128285,-1.113051992947521,3.5906632172370285,-0.7564694953614799
-1.448013900416244,0.8514994918283597,-1.0017709089606424,0.05961073707399844,4.407012675584138
-2.198805956620082,-1.1195580845955064,1.9453974249841095,0.39255615709260566,1.1700628083623583
0.4400144500533324,1.1051791773829776,-0.11813641989283219,1.0936948121573153,-0.14571969015639175
-0.5020542243526112,-1.1949602133578205,1.3656184774564462,0.005190012087664786,1.4183466775976619
-1.0212328171307132,-0.09769829555225434,-1.06945639763214,2.1273060449036305,0.007299736576458462
0.7083564472993533,-0.247169800226066,-0.4290140704422576,-2.119048020539852,2.9318352043615876
0.24380071377119883,1.5816358380488944,-2.0694389077776814,-0.5503544440595353,-0.7125552736619405
-0.5640786307367284,0.2686436531107346,0.6108537471533801,-1.674495251935133,-1.8403542784306375
-1.2803043986708944,-0.0868045020116075,1.2040325512661743,1.0979853690021444,-0.7523337880839297
0.8724573282801447,-1.2878616464914172,-0.6791212194550202,1.7924282920904777,0.6727604415584679
0.650201177958661,0.8798470710412085,-0.38754234764615314,-0.8946641251065642,1.516775204190482
-0.09917586377938291,0.11194854907365215,0.5111576280068364,-2.931679800475324,-1.443903201055067
1.8466369960476658,0.5521487852104828,0.5750916561459849,0.05619642749062698,-0.597206771259424
-1.0700847663261526,0.9230355611897321,-0.9013697563442408,1.177094959197896,1.0850189618950776
-1.5255251709247388,-0.37195894252612033,1.1007183290430669,0.3427266359753282,0.20190480338534966
-0.6919080698812444,-1.0971304333322955,-3.4981408720616294,1.1453842477847225,-1.06042929812997
-0.045586016355497805,0.641714601855297,-1.1931189261055541,-1.7908373334569678,0.5306347672499299
0.24333944932269183,-0.0833039350373347,-1.5171883637518648,-2.0854174366616967,-0.9981672206742687
-0.24123605785632987,-1.602694853680997,1.1506667441214993,0.10093335668031056,-1.4281281053831345
0.3520553965142968,1.0930562602145608,0.04906176072082025,-0.39900629289722545,1.3338795101124918
-1.251539424190444,-0.6592935233026112,0.9408282947164625,1.7229129815644852,0.4707146878630719
1.4437646040732595,-1.5298439355821305,1.2969760844623635,1.2747554043054692,2.3478994110044953
-0.0821511783925688,0.4149739288077895,-2.089300315873036,-0.259645925759789,1.3466597240548128
1.1172958315881276,1.3169322682960192,2.3879795435414306,-1.906058554412482,-1.5970154708188216
0.34272534637770413,-1.3535671318670062,1.5660123448906238,0.9867397894453208,-1.720545374676887
0.4567532191537839,3.3776562761243865,-0.5781501036760108,0.7819826964233054,1.8494815714649222
0.5697672802322039,1.3757840624737006,2.9272658891584484,0.479503594499448,0.5740632286139984
0.44770856001731496,0.6220760102917023,-0.2813755154286488,2.3706194082447416,0.8866932442233052
0.6427227598675439,0.258501991395834,-0.3425459723121612,-0.4314467263378774,1.5777472113496604
1.3291525301324314,0.7354600067649376,-0.3450261595365889,1.9400450993184288,-1.374969229612147
0.19652116970147013,1.45152919947204,0.03156912327871675,-0.01115153487566272,1.4286920154086327
0.7090037575885123,0.7827804047410861,0.06795271601549668,1.0021053273098648,0.30012621513212373
-0.08973569428722672,1.0519070963154071,1.673429620376309,-0.14558666119694857,0.1459965423864482
1.4401172154494728,0.02676569525419012,0.4798002750644256,1.2673215973173728,-0.35218057381422735
-0.6763923020592697,0.8107436305073048,0.3389671076978066,0.8186022300635876,0.07439403586791571
1.8009404329108156,-0.6247478950950005,0.26705561347481366,-1.7460327404407732,1.774126701614966
-0.04015795064434341,1.06575002268489,-2.3358949387137984,2.365320445002757,-1.6912819499406526
-1.4307751021180481,1.1056595314160242,1.3432144996071116,0.1688621169085276,3.3450119011283888
0.12810441491078928,-0.4079858492017717,-1.3714725949050677,0.4598154905023239,1.6638375440677304
-0.6810516574748808,-2.850715544226728,-0.701859501321769,-1.3191609189930753,0.2868064276801154
0.8406435489887241,0.17916461629734443,-2.7552414864729373,-0.055577941485687066,-2.0637774677418097
-0.6526239793023909,0.7831866790108817,1.8725428101370158,-1.8706135584427965,-2.130360230921887
-0.4461834332147797,-0.47554554195757104,1.5551491263767798,1.158435457507239,-2.968527919781029
-1.889540730945531,-0.7008468563392316,-0.3278061734980223,1.048593050448066,-0.4470864588928687
-0.4523063192490767,-0.19856579167585808,0.7794282195206189,0.23245485731944582,2.2173440678199574
-2.4238793266289567,0.6309120386485041,-1.512461092587324,1.5488229302982846,0.3017884730825028
-1.5839028234857233,-2.4695931964638786,0.723243502219622,-0.09645096940904097,1.6286628683306157
0.7604146561442974,-0.7016796893154712,-1.762149962501913,-0.5710844864275412,-2.2975817844623587
0.7858001586508322,-0.43936647524027783,-0.5619906103697827,-0.08317509122747668,-1.6548340183592947
0.42545756178496474,-0.829558053733348,1.2807946593299182,1.205314412545733,0.8205397034643056
-0.966976143129213,-0.32889693134048986,0.5534531235083779,3.532564655671969,1.2510256424191726
-0.047711356141979855,0.1855101721923097,0.25191246569026776,-1.1509801999562512,2.678846445851978
-0.0036025390905684044,0.9197270960767008,-1.8522251930709053,0.24497792002423513,-0.3559418013648785
-1.1583646891925428,0.5105636427338951,-0.5144961540837073,-2.7673357287596563,1.8317801421552031
1.5033983017671506,-0.08575949558678275,0.13149212604405286,0.6232688235687365,-2.4349110465447756
0.8773622905756714,1.5685570983519637,-0.29701678027450296,-0.34243435492898294,0.5679848615130586
-0.22096417382966393,-0.027327991819982245,0.10509431503220323,1.7789112340391173,-0.08135056521188122
0.02688583899453078,0.2772476229931759,2.6612213668411315,-0.2620101145001116,3.8152386225052863
0.20838280794755248,0.8192296125238538,1.5887286146012616,-0.6328928887768037,-2.3089643560191146
-2.0417348684242906,0.900159295376861,1.0197988783527696,0.24740199203593782,0.176908703767365
-0.24717738252059693,-0.24030103642236034,0.584631351356441,-1.3217993361188736,0.08311934486968661
-0.6819842479977986,0.5352796794366459,-0.944879948639619,1.2549997836629447,-0.4906677427109194
-1.0016200098949155,-0.12594076605687604,-0.7584318350600917,-2.515125336638876,0.34662727293563145
-0.2811002928859549,0.3690162313899866,-0.19008513890891507,-0.11433124900988403,-2.0610653001695516
1.7976865268495226,-0.2232914642692285,0.14177465286926932,-2.1916281052368256,0.619945580257588
0.6408428612670098,0.37650591756694785,-1.437736395482025,-0.15288307397193818,1.3596077168543803
-0.5711789897827968,0.285523038943143,1.061735334083228,1.0012961583309554,0.6857297302245209
0.5725827813561586,-1.1447279376544068,0.17975532902692568,0.8982938003391705,-0.04702867136574429
